timestamp,pow,traw,tmu,cd,cv,ci
0,272,66,36185,9546,1051,4839
28,283,66,36184,9546,1053,4948
30,277,67,36184,9546,1052,4948
31,280,67,36183,9546,1051,5038
33,275,67,36183,9562,1052,4886
35,283,67,36184,9546,1053,5018
36,276,67,36185,9562,1054,5049
38,267,68,36185,9562,1052,4957
40,284,68,36184,9562,1053,5073
41,285,68,36185,9546,1052,5175
43,279,68,36185,9554,1051,5038
45,277,68,36186,9546,1052,5007
46,281,68,36186,9562,1051,5148
48,282,69,36186,9562,1052,5175
49,272,69,36185,9546,1051,5088
51,276,69,36184,9554,1052,5065
53,291,69,36182,9546,1052,5257
54,281,69,36182,9546,1052,5116
56,278,69,36183,9562,1053,5120
58,283,69,36183,9562,1051,5273
59,287,70,36182,9562,1052,5183
61,282,70,36182,9562,1053,5144
63,276,70,36181,9562,1052,5183
64,286,70,36181,9562,1053,5187
66,285,70,36180,9562,1052,5191
68,278,70,36179,9562,1052,5148
69,283,70,36179,9562,1052,5163
71,279,71,36179,9562,1052,5152
72,285,71,36179,9562,1052,5241
74,286,71,36179,9562,1053,5206
76,282,71,36180,9562,1052,5191
77,287,71,36180,9562,1053,5245
79,276,71,36181,9562,1052,5144
81,271,71,36182,9562,1051,5253
82,282,71,36181,9562,1051,5163
84,285,72,36181,9562,1052,5245
86,288,72,36179,9562,1053,5152
87,281,72,36177,9562,1052,5179
89,290,72,36176,9562,1052,5249
91,281,72,36175,9570,1052,5144
92,277,72,36175,9562,1053,5245
94,284,72,36174,9578,1052,5171
95,282,72,36172,9562,1053,5175
97,282,73,36171,9562,1053,5273
99,278,73,36170,9562,1052,5144
100,281,73,36169,9578,1052,5152
102,288,73,36167,9562,1053,5269
104,294,73,36167,9570,1053,5339
105,285,73,36167,9562,1053,5281
107,284,73,36166,9562,1053,5183
109,286,73,36165,9570,1052,5257
110,282,74,36165,9578,1053,5206
112,289,74,36166,9578,1053,5132
113,282,74,36167,9562,1052,5199
115,277,74,36168,9570,1053,5183
117,282,74,36167,9578,1052,5284
118,285,74,36168,9578,1052,5163
120,283,74,36168,9578,1053,5183
122,281,74,36168,9578,1053,5218
123,283,75,36169,9578,1053,5257
125,279,75,36169,9578,1052,5273
127,283,75,36168,9578,1052,5163
128,281,75,36168,9578,1052,5241
130,279,75,36167,9562,1052,5245
132,280,75,36165,9562,1053,5238
133,283,75,36163,9562,1051,5335
135,287,75,36161,9578,1052,5289
136,276,75,36160,9578,1053,5202
138,283,76,36159,9578,1054,5277
140,283,76,36157,9578,1053,5269
141,289,76,36156,9570,1053,5214
143,280,76,36154,9562,1053,5273
145,284,76,36151,9578,1053,5152
146,278,76,36149,9578,1051,5284
148,282,76,36148,9578,1054,5167
150,280,76,36146,9578,1053,5230
151,275,76,36144,9578,1052,5175
153,281,77,36142,9578,1053,5300
155,280,77,36141,9578,1053,5331
156,281,77,36140,9578,1053,5191
158,278,77,36140,9578,1053,5225
159,283,77,36140,9578,1053,5316
161,283,77,36140,9578,1053,5347
163,275,77,36139,9578,1052,5273
164,279,77,36136,9578,1052,5260
166,276,77,36135,9578,1053,5252
168,282,78,36133,9578,1052,5209
169,285,78,36132,9578,1054,5405
171,286,78,36132,9578,1052,5476
173,285,78,36130,9578,1051,5347
174,286,78,36129,9578,1053,5374
176,279,78,36129,9578,1053,5476
177,273,78,36128,9578,1054,5304
179,289,78,36128,9578,1052,5409
181,285,78,36127,9578,1054,5288
182,288,79,36126,9578,1052,5378
184,273,79,36123,9578,1053,5245
186,289,79,36121,9578,1053,5452
187,278,79,36118,9578,1052,5343
189,298,79,36117,9578,1052,5421
191,288,79,36116,9578,1052,5437
192,292,79,36114,9562,1052,5472
194,287,79,36112,9578,1051,5398
196,285,79,36110,9562,1052,5472
197,289,79,36108,9578,1053,5413
199,288,80,36106,9578,1052,5448
200,279,80,36104,9578,1052,5433
202,280,80,36102,9578,1052,5222
204,281,80,36099,9562,1053,5296
205,276,80,36096,9578,1052,5452
207,294,80,36095,9578,1053,5374
209,280,80,36094,9578,1052,5448
210,287,80,36093,9578,1052,5366
212,287,80,36094,9578,1052,5421
214,291,81,36093,9578,1053,5417
215,283,81,36093,9578,1051,5390
217,282,81,36093,9578,1053,5409
219,288,81,36092,9578,1052,5413
220,288,81,36092,9578,1052,5448
222,286,81,36091,9578,1053,5445
223,285,81,36092,9578,1051,5409
225,283,81,36093,9578,1052,5312
227,287,81,36093,9578,1053,5410
228,291,82,36093,9578,1053,5401
230,286,82,36095,9578,1052,5296
232,285,82,36096,9578,1053,5429
233,282,82,36097,9578,1052,5405
235,286,82,36098,9585,1052,5331
237,289,82,36098,9578,1052,5425
238,279,82,36098,9593,1054,5374
240,292,82,36098,9578,1053,5448
242,275,82,36097,9578,1053,5253
243,279,82,36097,9578,1054,5265
245,285,82,36097,9578,1053,5300
246,291,83,36097,9578,1053,5402
248,283,83,36097,9578,1051,5405
250,292,83,36094,9578,1054,5484
251,284,83,36093,9578,1053,5421
253,288,83,36091,9578,1054,5503
255,280,83,36089,9578,1053,5281
256,289,83,36087,9578,1052,5499
258,293,83,36084,9578,1052,5398
260,288,83,36081,9578,1052,5382
261,287,83,36079,9578,1053,5445
263,281,84,36077,9578,1053,5413
264,287,84,36074,9578,1053,5374
266,287,84,36072,9578,1052,5460
268,287,84,36071,9578,1052,5507
269,288,84,36071,9593,1054,5394
271,292,84,36071,9578,1054,5511
273,282,84,36070,9578,1051,5359
274,280,84,36069,9585,1053,5261
276,289,84,36069,9578,1052,5460
278,286,84,36069,9578,1052,5288
279,288,85,36069,9578,1054,5523
281,280,85,36069,9578,1052,5304
283,279,85,36070,9593,1052,5410
284,291,85,36070,9578,1053,5402
286,285,85,36069,9578,1051,5421
287,284,85,36069,9578,1053,5374
289,292,85,36069,9593,1051,5374
291,283,85,36069,9593,1052,5386
292,276,85,36069,9593,1052,5343
294,281,85,36069,9585,1053,5366
296,277,85,36068,9593,1052,5343
297,280,86,36067,9593,1053,5413
299,280,86,36066,9593,1054,5382
301,292,86,36066,9593,1053,5546
302,285,86,36066,9585,1052,5394
304,272,86,36066,9593,1053,5335
306,292,86,36066,9593,1053,5448
307,287,86,36066,9593,1053,5503
309,289,86,36065,9593,1053,5507
310,284,86,36065,9593,1052,5476
312,275,86,36064,9578,1054,5386
314,277,87,36063,9578,1051,5390
315,282,87,36062,9593,1052,5413
317,280,87,36061,9578,1053,5300
319,284,87,36059,9578,1053,5460
320,280,87,36058,9593,1052,5273
322,274,87,36056,9585,1053,5315
324,283,87,36055,9593,1052,5491
325,287,87,36053,9593,1053,5507
327,286,87,36052,9593,1052,5425
328,288,87,36050,9593,1052,5476
330,281,87,36048,9593,1052,5320
332,279,88,36046,9593,1052,5308
333,278,88,36044,9593,1050,5284
335,280,88,36042,9593,1051,5476
337,282,88,36040,9593,1052,5393
338,289,88,36039,9593,1051,5534
340,292,88,36039,9593,1052,5515
342,284,88,36038,9578,1052,5456
343,277,88,36036,9593,1053,5351
345,280,88,36036,9593,1054,5289
347,290,88,36034,9593,1053,5421
348,285,88,36033,9593,1054,5449
350,283,89,36034,9593,1052,5425
351,289,89,36034,9593,1053,5495
353,287,89,36034,9593,1052,5436
355,285,89,36033,9593,1054,5523
356,273,89,36033,9593,1052,5327
358,281,89,36033,9593,1052,5483
360,286,89,36032,9593,1051,5503
361,292,89,36032,9593,1051,5550
363,277,89,36032,9593,1052,5346
365,291,89,36033,9609,1054,5589
366,284,89,36034,9609,1053,5370
368,289,90,36033,9609,1052,5574
370,294,90,36034,9609,1053,5632
371,290,90,36034,9609,1053,5491
373,288,90,36034,9593,1053,5476
374,288,90,36033,9609,1052,5538
376,287,90,36032,9609,1053,5640
378,289,90,36032,9609,1052,5573
379,295,90,36032,9609,1052,5581
381,292,90,36032,9609,1053,5632
383,291,90,36032,9609,1053,5679
384,291,90,36031,9593,1052,5519
386,288,90,36030,9609,1054,5421
388,290,91,36029,9593,1052,5569
389,286,91,36027,9609,1054,5519
391,289,91,36026,9609,1053,5593
393,290,91,36025,9609,1054,5605
394,287,91,36025,9609,1052,5604
396,296,91,36024,9609,1053,5664
397,292,91,36023,9609,1053,5538
399,298,91,36022,9609,1053,5636
401,286,91,36020,9601,1053,5546
402,294,91,36019,9609,1054,5636
404,290,91,36018,9609,1052,5589
406,290,91,36018,9609,1053,5464
407,238,92,36016,9593,1052,5472
409,280,92,36014,9609,1053,5421
411,298,92,36013,9609,1054,5652
412,286,92,36013,9609,1053,5581
414,299,92,36014,9609,1054,5624
415,295,92,36014,9609,1053,5710
417,293,92,36013,9609,1053,5530
419,291,92,36012,9609,1053,5538
420,287,92,36011,9609,1052,5612
422,289,92,36012,9609,1053,5557
424,291,92,36011,9609,1053,5542
425,300,93,36013,9609,1054,5746
427,290,93,36013,9593,1051,5745
429,290,93,36013,9609,1054,5530
430,295,93,36011,9609,1053,5671
432,295,93,36009,9601,1052,5667
434,292,93,36008,9609,1053,5613
435,301,93,36008,9609,1052,5753
437,292,93,36007,9609,1053,5601
438,297,93,36007,9609,1054,5725
440,289,93,36006,9609,1052,5531
442,293,93,36006,9617,1054,5511
443,291,93,36006,9609,1053,5596
445,294,93,36005,9609,1054,5714
447,292,94,36004,9609,1053,5635
448,296,94,36001,9609,1054,5659
450,301,94,36000,9609,1054,5730
452,300,94,35999,9609,1052,5827
453,300,94,35998,9609,1054,5757
455,293,94,35998,9609,1054,5620
457,292,94,35997,9609,1054,5651
458,298,94,35996,9609,1054,5703
460,304,94,35996,9609,1053,5749
461,300,94,35997,9609,1054,5726
463,289,94,35996,9609,1053,5640
465,295,94,35995,9609,1054,5616
466,301,94,35993,9609,1052,5823
468,296,94,35992,9609,1054,5628
470,290,95,35991,9609,1054,5624
471,293,95,35988,9609,1053,5609
473,291,95,35988,9609,1051,5718
475,282,95,35987,9609,1052,5479
476,290,95,35985,9625,1053,5604
478,298,95,35984,9609,1053,5659
479,294,95,35982,9609,1054,5577
481,294,95,35980,9609,1053,5682
483,291,95,35979,9609,1052,5558
484,298,95,35979,9609,1053,5738
486,299,95,35977,9609,1054,5749
488,299,95,35976,9609,1054,5776
489,299,95,35974,9609,1051,5753
491,291,96,35973,9609,1053,5652
493,286,96,35972,9609,1054,5627
494,304,96,35970,9609,1053,5784
496,293,96,35970,9609,1053,5757
498,298,96,35969,9609,1053,5710
499,291,96,35969,9609,1052,5846
501,296,96,35969,9625,1054,5636
502,310,96,35969,9625,1053,5874
504,289,96,35968,9609,1052,5683
506,298,96,35967,9625,1051,5781
507,302,96,35967,9609,1053,5741
509,305,96,35967,9609,1054,5772
511,293,96,35967,9625,1052,5632
512,296,96,35966,9609,1053,5699
514,289,97,35965,9609,1054,5687
516,310,97,35965,9609,1054,5925
517,295,97,35963,9609,1053,5721
519,306,97,35961,9609,1052,5948
521,289,97,35959,9609,1052,5632
522,305,97,35957,9609,1053,5842
524,301,97,35957,9609,1053,5913
525,301,97,35956,9609,1052,5929
527,297,97,35954,9609,1053,5839
529,303,97,35952,9609,1052,5863
530,298,97,35951,9609,1053,5820
532,298,97,35948,9609,1053,5905
534,303,97,35945,9609,1053,5851
535,296,98,35943,9625,1052,5792
537,308,98,35941,9640,1053,5933
539,303,98,35940,9625,1051,5874
540,311,98,35940,9625,1054,6022
542,307,98,35939,9625,1052,6038
544,296,98,35938,9625,1052,5859
545,319,98,35938,9625,1052,6061
547,310,98,35939,9625,1053,6011
548,305,98,35938,9625,1053,6035
550,312,98,35938,9625,1054,6050
552,305,98,35938,9625,1052,6069
553,300,98,35939,9625,1053,5882
555,307,98,35940,9640,1054,6027
557,308,99,35941,9625,1053,6065
558,307,99,35942,9625,1053,5769
560,302,99,35945,9640,1054,5820
562,304,99,35946,9625,1051,5979
563,299,99,35946,9625,1053,5819
565,307,99,35945,9625,1054,5866
566,298,99,35946,9625,1052,5882
568,303,99,35946,9625,1054,5866
570,308,99,35946,9625,1053,5944
571,301,99,35946,9625,1053,6089
573,311,99,35945,9625,1054,5979
575,311,99,35945,9640,1054,6007
576,313,99,35945,9640,1054,6113
578,303,99,35943,9625,1053,5949
580,304,100,35943,9625,1053,5824
581,312,100,35941,9625,1053,6120
583,307,100,35940,9632,1054,5956
585,304,100,35939,9625,1054,5893
586,300,100,35938,9632,1054,5921
588,312,100,35938,9640,1053,6089
589,310,100,35938,9625,1053,6022
591,303,100,35937,9640,1053,5827
593,308,100,35936,9640,1054,5917
594,304,100,35937,9640,1054,5917
596,309,100,35938,9625,1053,6097
598,312,100,35938,9625,1054,6042
599,315,100,35938,9640,1054,6097
601,303,100,35938,9640,1053,6027
603,307,100,35938,9640,1054,5987
604,304,101,35938,9640,1053,6014
606,308,101,35938,9625,1052,6023
608,306,101,35938,9625,1052,5921
609,308,101,35937,9625,1052,5980
611,316,101,35936,9625,1053,6155
612,304,101,35935,9625,1053,6074
614,307,101,35933,9625,1051,5988
616,305,101,35932,9625,1053,5999
617,305,101,35931,9625,1054,5964
619,302,101,35930,9625,1053,5991
621,311,101,35929,9625,1053,6010
622,317,101,35928,9640,1054,6241
624,304,101,35926,9625,1054,5941
626,304,101,35926,9640,1054,5902
627,318,101,35925,9640,1052,6128
629,267,102,35923,9625,1054,6156
631,311,102,35923,9625,1053,6045
632,302,102,35922,9625,1053,5839
634,316,102,35921,9632,1052,6171
635,305,102,35920,9640,1053,5937
637,307,102,35919,9625,1052,5972
639,308,102,35919,9625,1053,5972
640,320,102,35917,9625,1052,6284
642,312,102,35917,9640,1053,6225
644,319,102,35917,9625,1053,6120
645,309,102,35916,9625,1053,5964
647,316,102,35915,9640,1054,6264
649,316,102,35913,9625,1052,6104
650,310,102,35911,9625,1053,6109
652,315,102,35910,9640,1053,6171
654,303,102,35907,9632,1053,5929
655,313,103,35906,9632,1052,6027
657,317,103,35904,9625,1053,6269
658,311,103,35903,9640,1053,5988
660,312,103,35902,9632,1053,6011
662,311,103,35901,9625,1053,5991
663,313,103,35900,9632,1052,6030
665,309,103,35900,9632,1053,6042
667,310,103,35899,9640,1052,5901
668,304,103,35899,9640,1053,5964
670,304,103,35898,9625,1053,6026
672,311,103,35897,9625,1053,6077
673,319,103,35897,9640,1053,6323
675,312,103,35897,9640,1053,6105
676,311,103,35897,9625,1051,6093
678,312,103,35896,9625,1052,6186
680,314,103,35896,9640,1052,6195
681,311,104,35894,9640,1052,6053
683,312,104,35893,9640,1052,6288
685,307,104,35893,9640,1054,6156
686,318,104,35892,9625,1052,6065
688,323,104,35891,9640,1053,6288
690,308,104,35891,9625,1052,6088
691,314,104,35890,9640,1053,6092
693,323,104,35889,9640,1053,6363
695,307,104,35889,9640,1053,6053
696,319,104,35888,9632,1054,6104
698,320,104,35887,9640,1051,6324
699,307,104,35886,9640,1054,6101
701,318,104,35886,9640,1054,6315
703,322,104,35886,9640,1052,6312
704,323,104,35885,9640,1053,6367
706,319,104,35885,9640,1052,6210
708,315,105,35886,9640,1051,6191
709,313,105,35886,9640,1053,6202
711,301,105,35886,9640,1053,5909
713,312,105,35887,9640,1053,6077
714,327,105,35886,9640,1053,6487
716,320,105,35886,9640,1053,6167
718,324,105,35887,9640,1052,6432
719,319,105,35887,9640,1052,6163
721,320,105,35886,9640,1054,6136
722,327,105,35886,9632,1052,6273
724,316,105,35886,9625,1051,6101
726,315,105,35886,9640,1053,6136
727,322,105,35886,9640,1053,6335
729,317,105,35886,9640,1052,6199
731,321,105,35886,9640,1052,6273
732,321,105,35886,9640,1053,6304
734,326,105,35886,9640,1053,6445
736,327,106,35886,9640,1054,6315
737,329,106,35887,9640,1054,6425
739,311,106,35886,9640,1053,6136
740,326,106,35887,9640,1052,6468
742,320,106,35886,9640,1053,6284
744,315,106,35885,9640,1053,6214
745,311,106,35885,9640,1053,6097
747,328,106,35885,9640,1054,6522
749,318,106,35885,9640,1054,6253
750,315,106,35885,9640,1053,6171
752,316,106,35884,9640,1053,6257
754,327,106,35884,9640,1053,6468
755,337,106,35883,9640,1052,6554
757,322,106,35883,9640,1053,6194
759,311,106,35883,9640,1052,6288
760,315,106,35881,9640,1052,6245
762,327,106,35880,9640,1054,6363
763,333,107,35879,9640,1053,6449
765,322,107,35878,9640,1053,6260
767,335,107,35878,9625,1052,6488
768,319,107,35877,9640,1053,6210
770,316,107,35876,9640,1053,6284
772,315,107,35876,9640,1053,6202
773,319,107,35875,9640,1054,6234
775,329,107,35874,9640,1053,6476
777,330,107,35874,9640,1053,6444
778,325,107,35872,9640,1053,6468
780,330,107,35871,9640,1053,6530
782,329,107,35871,9640,1053,6393
783,328,107,35870,9640,1054,6593
785,328,107,35870,9640,1053,6401
786,333,107,35870,9640,1054,6553
788,340,107,35869,9640,1054,6495
790,311,107,35868,9640,1054,6155
791,320,107,35866,9640,1052,6218
793,319,107,35865,9656,1052,6315
795,328,108,35864,9656,1053,6425
796,331,108,35862,9640,1053,6409
798,329,108,35861,9640,1052,6398
800,341,108,35860,9640,1053,6682
801,329,108,35858,9640,1051,6542
803,326,108,35857,9656,1053,6370
805,335,108,35857,9640,1054,6628
806,314,108,35856,9656,1053,6183
808,325,108,35855,9648,1054,6440
809,316,108,35853,9640,1053,6323
811,320,108,35853,9640,1053,6284
813,327,108,35852,9640,1054,6464
814,339,108,35853,9656,1053,6475
816,325,108,35853,9656,1054,6249
818,326,108,35854,9656,1054,6436
819,332,108,35855,9656,1052,6424
821,327,108,35856,9656,1054,6397
823,325,108,35857,9656,1054,6460
824,324,108,35858,9656,1053,6261
826,333,109,35859,9656,1053,6581
827,323,109,35859,9656,1054,6312
829,328,109,35860,9656,1053,6535
831,331,109,35861,9648,1053,6562
832,315,109,35861,9640,1053,6331
834,322,109,35860,9656,1053,6331
836,321,109,35860,9656,1054,6249
837,329,109,35860,9656,1054,6628
839,319,109,35860,9656,1053,6241
841,327,109,35859,9640,1051,6363
842,334,109,35858,9656,1053,6742
844,334,109,35857,9656,1052,6480
846,324,109,35855,9640,1051,6316
847,336,109,35854,9640,1052,6690
849,327,109,35852,9656,1053,6346
850,330,109,35851,9640,1053,6401
852,325,109,35850,9656,1054,6382
854,340,109,35849,9656,1054,6616
855,327,110,35847,9656,1053,6546
857,327,110,35845,9640,1054,6351
859,338,110,35845,9640,1053,6702
860,324,110,35844,9648,1053,6378
862,342,110,35844,9648,1051,6647
864,339,110,35843,9656,1052,6632
865,330,110,35842,9656,1051,6550
867,343,110,35842,9656,1054,6718
869,326,110,35843,9656,1053,6464
870,342,110,35843,9656,1054,6788
872,330,110,35843,9656,1053,6378
873,339,110,35842,9656,1053,6675
875,330,110,35843,9656,1054,6636
877,318,110,35843,9656,1052,6300
878,338,110,35842,9656,1054,6679
880,335,110,35842,9656,1053,6671
882,336,110,35842,9656,1053,6667
883,333,110,35841,9656,1052,6632
885,340,110,35840,9656,1053,6624
887,330,111,35840,9648,1054,6585
888,335,111,35839,9656,1054,6534
890,324,111,35839,9656,1053,6440
892,341,111,35838,9656,1053,6605
893,330,111,35837,9640,1053,6526
895,327,111,35836,9656,1052,6347
896,333,111,35836,9656,1053,6413
898,337,111,35836,9640,1052,6706
900,324,111,35837,9656,1053,6272
901,329,111,35836,9656,1054,6604
903,345,111,35836,9656,1054,6811
905,341,111,35835,9656,1053,6718
906,336,111,35835,9656,1054,6522
908,328,111,35834,9656,1054,6499
910,336,111,35835,9656,1054,6496
911,325,111,35835,9656,1053,6417
913,325,111,35835,9656,1052,6589
914,334,111,35835,9656,1053,6651
916,324,111,35834,9656,1054,6264
918,342,111,35835,9656,1054,6695
919,333,112,35834,9656,1054,6616
921,339,112,35834,9656,1054,6554
923,324,112,35832,9656,1052,6331
924,324,112,35831,9656,1054,6424
926,334,112,35829,9656,1054,6609
928,335,112,35829,9656,1053,6710
929,329,112,35829,9656,1054,6507
931,330,112,35828,9656,1053,6507
933,342,112,35828,9656,1054,6718
934,332,112,35828,9656,1053,6480
936,343,112,35828,9656,1054,6761
937,338,112,35827,9656,1053,6491
939,348,112,35827,9656,1053,6839
941,346,112,35827,9656,1054,6765
942,331,112,35827,9656,1053,6569
944,339,112,35826,9656,1053,6671
946,341,112,35826,9656,1054,6807
947,339,112,35825,9656,1054,6734
949,340,113,35825,9656,1054,6589
951,331,113,35826,9656,1052,6542
952,333,113,35826,9656,1053,6578
954,335,113,35827,9656,1052,6546
956,340,113,35827,9656,1054,6667
957,342,113,35827,9656,1053,6823
959,335,113,35827,9656,1053,6542
960,345,113,35827,9656,1053,6733
962,342,113,35827,9656,1054,6764
964,330,113,35828,9656,1053,6530
965,341,113,35827,9656,1053,6800
967,327,113,35826,9656,1053,6467
969,348,113,35826,9656,1053,6890
970,335,113,35825,9656,1052,6545
972,338,113,35824,9656,1054,6741
974,343,113,35823,9656,1053,6866
975,330,113,35822,9656,1053,6573
977,327,113,35821,9656,1052,6441
978,336,113,35820,9656,1054,6726
980,332,113,35819,9656,1053,6573
982,335,113,35817,9656,1053,6757
983,343,113,35815,9656,1053,6788
985,340,113,35814,9656,1054,6644
987,344,113,35814,9656,1054,6730
988,338,113,35813,9656,1053,6831
990,343,113,35811,9656,1054,6862
992,343,113,35810,9656,1054,6835
993,329,113,35810,9656,1054,6687
995,335,113,35809,9656,1053,6523
997,331,113,35808,9656,1053,6542
998,335,113,35808,9656,1053,6687
1000,346,113,35808,9656,1054,6905
1001,340,113,35808,9656,1052,6757
1003,334,114,35808,9656,1053,6667
1005,331,114,35807,9656,1054,6507
1006,343,114,35806,9656,1054,6710
1008,339,114,35806,9656,1053,6651
1010,330,114,35807,9656,1054,6631
1011,344,114,35808,516578,1052,6846
1013,347,114,35806,9656,1053,6902
1015,334,114,35806,9656,1053,6600
1016,328,114,35807,9656,1054,6483
1018,339,114,35808,9656,1054,6698
1020,351,114,35809,9656,1054,6863
1021,344,114,35810,9656,1053,6769
1023,349,114,35811,9656,1054,6909
1024,347,114,35811,9656,1054,6831
1026,344,114,35811,9656,1054,6659
1028,332,114,35810,9671,1054,6581
1029,344,114,35810,9656,1053,6807
1031,341,114,35810,9656,1054,6742
1033,341,114,35810,9656,1053,6617
1034,340,114,35810,9656,1052,6714
1036,347,114,35810,9663,1053,6980
1038,346,114,35809,9656,1054,6651
1039,333,115,35809,9656,1054,6659
1041,352,115,35809,9656,1052,6948
1043,336,115,35809,9656,1054,6721
1044,341,115,35808,9656,1053,6773
1046,355,115,35807,9656,1054,6953
1047,346,115,35805,9656,1053,6878
1049,352,115,35804,9656,1053,6917
1051,349,115,35803,9656,1054,6992
1052,293,115,35803,9656,1054,6769
1054,348,115,35803,9671,1054,7034
1056,329,115,35803,9656,1052,6585
1057,338,115,35803,9663,1054,6718
1059,354,115,35803,9656,1053,6925
1061,343,115,35802,9656,1053,6667
1062,337,115,35801,9656,1052,6632
1064,348,115,35800,9656,1054,6964
1065,329,115,35799,9656,1052,6577
1067,340,115,35797,9656,1053,6776
1069,338,115,35796,9656,1053,6699
1070,350,115,35796,9671,1053,7007
1072,337,115,35795,9656,1053,6585
1074,340,115,35794,9656,1054,6643
1075,349,115,35793,9656,1054,7042
1077,348,115,35793,9656,1054,6964
1079,306,115,35793,9656,1053,7050
1080,339,116,35792,9671,1054,6683
1082,346,116,35791,9671,1053,7003
1084,342,116,35791,9671,1053,6811
1085,339,116,35791,9656,1054,6800
1087,352,116,35792,9671,1054,6983
1088,354,116,35793,9663,1054,7007
1090,336,116,35793,9663,1053,6636
1092,357,116,35794,9663,1053,7022
1093,360,116,35796,9671,1054,6972
1095,348,116,35798,9656,1054,6796
1097,348,116,35798,9656,1054,6897
1098,350,116,35799,9671,1054,6975
1100,338,116,35800,9656,1054,6679
1102,350,116,35800,9656,1053,7023
1103,337,116,35800,9671,1053,6624
1105,351,116,35800,9663,1054,6964
1107,356,116,35800,9671,1054,6979
1108,356,116,35801,9671,1054,6984
1110,340,116,35801,9656,1054,6581
1111,347,116,35801,9671,1054,6963
1113,342,116,35801,9656,1053,6745
1115,339,116,35799,9656,1053,6718
1116,343,116,35799,9671,1054,6710
1118,333,116,35799,9671,1054,6632
1120,344,116,35798,9656,1053,6835
1121,337,116,35797,9671,1055,6581
1123,338,116,35797,9671,1054,6632
1125,340,117,35796,9656,1054,6690
1126,350,117,35795,9663,1053,6820
1128,352,117,35795,9663,1054,7003
1130,343,117,35795,9671,1053,6835
1131,344,117,35794,9671,1053,6800
1133,346,117,35795,9671,1054,6640
1134,359,117,35794,9671,1054,7022
1136,345,117,35793,9656,1054,6882
1138,346,117,35791,9656,1052,6757
1139,345,117,35791,9671,1054,6741
1141,342,117,35791,9656,1053,6772
1143,356,117,35790,9656,1052,7038
1144,330,117,35789,9671,1053,6573
1146,351,117,35787,9663,1053,6917
1148,357,117,35785,9656,1053,7003
1149,353,117,35784,9671,1054,7031
1151,344,117,35783,9656,1054,6827
1152,342,117,35782,9656,1053,6702
1154,355,117,35782,9671,1054,7007
1156,349,117,35782,9671,1053,7069
1157,331,117,35781,9656,1054,6733
1159,341,117,35781,9656,1054,6702
1161,345,117,35780,9671,1053,6910
1162,357,117,35780,9671,1054,7054
1164,355,117,35780,9671,1054,7015
1166,340,117,35779,9663,1054,6710
1167,354,117,35778,9656,1052,7039
1169,358,117,35777,9656,1052,7019
1171,360,117,35776,9671,1053,7054
1172,363,118,35775,9671,1053,7147
1174,351,118,35775,9656,1052,6952
1175,352,118,35775,9671,1053,6991
1177,353,118,35774,9671,1054,7038
1179,356,118,35775,9671,1053,7081
1180,356,118,35774,9663,1053,7089
1182,342,118,35773,9656,1054,6686
1184,352,118,35773,9671,1053,6964
1185,333,118,35772,9656,1054,6690
1187,352,118,35772,9671,1054,6913
1189,358,118,35771,9656,1054,7065
1190,346,118,35771,9671,1053,6785
1192,349,118,35770,9671,1054,6987
1194,356,118,35770,9671,1054,7034
1195,361,118,35771,9671,1054,7018
1197,352,118,35771,9687,1054,6917
1198,350,118,35771,9671,1053,6905
1200,358,118,35770,9671,1053,6936
1202,355,118,35770,9671,1053,7003
1203,295,118,35770,9679,1054,6850
1205,356,118,35770,9671,1053,6898
1207,353,118,35771,9671,1054,7073
1208,350,118,35771,9671,1053,6839
1210,352,118,35771,9687,1053,6796
1212,348,118,35770,9671,1054,6839
1213,352,118,35769,9671,1054,6835
1215,345,118,35767,9671,1052,6862
1217,352,118,35766,9671,1054,6815
1218,350,118,35765,9671,1054,6882
1220,350,118,35765,9687,1053,6901
1221,351,118,35765,9671,1052,6882
1223,350,119,35765,9671,1053,6910
1225,353,119,35763,9671,1054,6889
1226,355,119,35763,9671,1053,6898
1228,360,119,35764,9671,1054,7081
1230,336,119,35762,9687,1054,6694
1231,338,119,35761,9671,1053,6694
1233,350,119,35760,9671,1054,6933
1235,357,119,35761,9687,1054,7062
1236,343,119,35760,9679,1054,6964
1238,348,119,35760,9687,1054,6831
1240,345,119,35760,9671,1054,6738
1241,341,119,35761,9671,1054,6609
1243,349,119,35763,9671,1054,6803
1244,357,119,35764,9679,1054,7077
1246,368,119,35764,9671,1054,7164
1248,350,119,35763,9679,1053,6847
1249,354,119,35764,9679,1054,6862
1251,350,119,35764,9687,1054,6862
1253,366,119,35764,9687,1052,7242
1254,364,119,35763,9687,1053,7065
1256,343,119,35764,9671,1053,6800
1258,360,119,35763,9687,1054,7092
1259,354,119,35763,9671,1053,6999
1261,362,119,35762,9687,1053,7120
1263,346,119,35761,9671,1053,6776
1264,346,119,35762,9687,1053,6785
1266,352,119,35762,9679,1054,6862
1267,354,119,35762,9687,1055,7007
1269,349,119,35762,9687,1054,6949
1271,348,119,35762,9687,1054,6768
1272,351,119,35761,9671,1054,6839
1274,339,119,35761,9671,1053,6737
1276,347,119,35759,9671,1052,6874
1277,350,120,35759,9671,1054,6811
1279,354,120,35758,9671,1054,6972
1281,342,120,35757,9671,1052,6816
1282,346,120,35756,9671,1053,6788
1284,358,120,35755,9679,1054,7101
1285,360,120,35755,9671,1053,7014
1287,345,120,35754,9687,1054,6859
1289,340,120,35754,9671,1054,6730
1290,342,120,35752,9671,1053,6663
1292,356,120,35751,9671,1053,7070
1294,368,120,35750,9671,1053,7038
1295,343,120,35748,9671,1054,6675
1297,359,120,35747,9687,1054,7112
1299,346,120,35746,9671,1053,6854
1300,360,120,35745,9671,1053,7147
1302,349,120,35746,9671,1054,6874
1304,354,120,35746,9671,1051,6859
1305,353,120,35746,9671,1054,7003
1307,365,120,35746,9671,1054,7104
1308,353,120,35747,9671,1053,7105
1310,338,120,35747,9687,1053,6749
1312,361,120,35748,9687,1054,7132
1313,355,120,35748,9687,1053,7062
1315,360,120,35749,9671,1054,7139
1317,358,120,35749,9687,1053,7202
1318,364,120,35750,9687,1053,7163
1320,354,120,35751,9687,1054,7226
1322,360,120,35752,9687,1055,7143
1323,363,120,35752,9687,1054,7147
1325,363,120,35754,9679,1054,7081
1327,357,120,35755,9687,1054,7030
1328,355,120,35756,9671,1054,6901
1330,356,120,35757,9687,1054,6999
1331,357,120,35757,9687,1054,7156
1333,347,120,35757,9671,1054,6902
1335,357,121,35757,9687,1054,6921
1336,358,121,35758,9687,1053,7089
1338,362,121,35758,9687,1054,7135
1340,352,121,35758,9687,1054,6909
1341,371,121,35759,9687,1054,7276
1343,355,121,35758,9687,1053,6909
1345,354,121,35758,9687,1055,6991
1346,366,121,35758,9687,1054,7234
1348,358,121,35757,9687,1053,7026
1349,356,121,35758,9687,1054,7135
1351,361,121,35757,9687,1054,7234
1353,366,121,35758,9687,1054,7296
1354,362,121,35758,9687,1054,7144
1356,356,121,35757,9687,1054,7034
1358,359,121,35758,9687,1055,7003
1359,356,121,35758,9687,1054,7003
1361,351,121,35757,9687,1053,6890
1363,355,121,35756,9687,1054,7007
1364,365,121,35755,9687,1053,7273
1366,349,121,35755,9687,1054,6910
1368,366,121,35755,9687,1054,7124
1369,350,121,35755,9679,1054,6835
1371,368,121,35754,9687,1054,7171
1372,364,121,35754,9687,1054,7179
1374,349,121,35753,9687,1054,7163
1376,352,121,35752,9687,1054,6913
1377,362,121,35750,9687,1053,6929
1379,358,121,35748,9687,1053,7132
1381,346,121,35747,9671,1052,6933
1382,355,121,35746,9671,1054,6870
1384,357,121,35745,9687,1054,7046
1386,348,121,35744,9671,1053,6932
1387,360,121,35743,9687,1053,7171
1389,349,121,35743,9687,1053,6886
1391,367,121,35743,9687,1053,7179
1392,363,121,35743,9687,1054,7194
1394,348,121,35742,9687,1055,6839
1395,345,122,35742,9687,1054,6769
1397,358,122,35742,9671,1053,7015
1399,357,122,35743,9687,1054,7011
1400,350,122,35743,9687,1054,6835
1402,294,122,35743,9687,1054,6812
1404,365,122,35744,9687,1054,7292
1405,376,122,35744,9687,1054,7249
1407,349,122,35744,9687,1054,6914
1409,367,122,35745,9687,1054,7202
1410,367,122,35745,9687,1054,7288
1412,368,122,35747,9687,1053,7226
1414,346,122,35748,9687,1054,6898
1415,349,122,35749,9687,1054,6949
1417,360,122,35748,9687,1054,7175
1418,363,122,35748,9687,1052,7253
1420,369,122,35748,9687,1054,7175
1422,353,122,35748,9687,1054,6909
1423,309,122,35748,9687,1054,7147
1425,348,122,35747,9687,1054,6925
1427,366,122,35746,9679,1053,7159
1428,358,122,35745,9671,1053,7109
1430,354,122,35746,9687,1053,7038
1432,369,122,35746,9687,1054,7284
1433,362,122,35746,9687,1054,7089
1435,355,122,35744,9687,1054,6960
1436,354,122,35743,9687,1054,7112
1438,353,122,35743,9687,1054,7081
1440,366,122,35740,9687,1053,7284
1441,351,122,35739,9687,1053,7011
1443,359,122,35739,9687,1054,6932
1445,364,122,35738,9687,1054,7229
1446,370,122,35737,9687,1054,7311
1448,364,122,35737,9687,1054,6996
1450,353,122,35738,9687,1054,6894
1451,361,122,35738,9687,1054,7163
1453,358,122,35739,9687,1054,7038
1455,362,122,35740,9687,1054,7265
1456,368,122,35740,9687,1054,7265
1458,365,122,35739,9687,1054,7257
1459,352,122,35739,9687,1053,6913
1461,356,122,35740,9687,1054,6984
1463,351,123,35740,9687,1053,7042
1464,348,123,35738,9687,1052,6867
1466,347,123,35738,9687,1054,6878
1468,351,123,35738,9687,1054,6964
1469,364,123,35737,9687,1054,7136
1471,356,123,35737,9687,1053,6949
1473,347,123,35737,9687,1054,6850
1474,361,123,35735,9679,1053,7171
1476,359,123,35734,9687,1054,7074
1478,372,123,35733,9679,1054,7238
1479,350,123,35732,9671,1053,6972
1481,358,123,35731,9671,1054,7038
1482,352,123,35728,9687,1054,6890
1484,358,123,35728,9687,1053,7331
1486,358,123,35727,9671,1053,7276
1487,353,123,35727,9687,1054,7011
1489,359,123,35726,9687,1054,7163
1491,360,123,35726,9687,1054,7124
1492,368,123,35724,9671,1054,7148
1494,350,123,35724,9671,1054,6874
1496,363,123,35723,9687,1053,7257
1497,348,123,35722,9687,1054,6882
1499,367,123,35721,9687,1053,7292
1501,361,123,35720,9687,1052,7089
1502,361,123,35720,9687,1054,7198
1504,363,123,35719,9687,1054,7222
1505,352,123,35718,9687,1054,6964
1507,358,123,35717,9687,1052,6967
1509,357,123,35718,9687,1054,6999
1510,369,123,35719,9687,1052,7253
1512,366,123,35719,9687,1054,7230
1514,356,123,35718,9687,1054,7073
1515,359,123,35718,9687,1054,7097
1517,352,123,35718,9687,1054,7010
1519,364,123,35719,9687,1054,7257
1520,372,123,35719,9671,1053,7218
1522,356,123,35718,9687,1054,6933
1523,347,123,35718,9687,1054,6858
1525,358,123,35718,9687,1054,7195
1527,350,123,35718,9679,1053,6862
1528,353,124,35718,9687,1054,6945
1530,358,124,35717,9687,1054,7054
1532,372,124,35717,9687,1053,7390
1533,350,124,35716,9687,1054,6972
1535,353,124,35715,9687,1054,6984
1537,373,124,35714,9687,1053,7335
1538,364,124,35713,9687,1053,7285
1540,365,124,35713,9687,1053,7246
1542,373,124,35711,9687,1054,7371
1543,364,124,35711,9687,1054,7139
1545,366,124,35712,9687,1053,7221
1546,361,124,35712,9687,1053,7222
1548,354,124,35713,9687,1054,6905
1550,368,124,35713,9687,1054,7241
1551,355,124,35713,9687,1054,7074
1553,365,124,35713,9671,1054,7265
1555,354,124,35712,9687,1054,6979
1556,353,124,35712,9687,1053,7120
1558,362,124,35712,9687,1053,7226
1560,299,124,35712,9687,1054,6979
1561,354,124,35712,9687,1054,6968
1563,369,124,35712,9687,1054,7304
1565,348,124,35711,9687,1054,6815
1566,365,124,35711,9687,1054,7218
1568,367,124,35711,9671,1053,7218
1569,354,124,35710,9687,1054,6932
1571,356,124,35710,9687,1053,7061
1573,359,124,35709,9687,1053,6960
1574,359,124,35708,9687,1054,6976
1576,364,124,35707,9687,1054,7237
1578,368,124,35706,9687,1054,7292
1579,352,124,35706,9687,1054,7054
1581,350,124,35706,9687,1054,7054
1583,359,124,35707,9687,1054,7112
1584,360,124,35706,9687,1054,7104
1586,352,124,35705,9687,1054,6967
1588,368,124,35705,9687,1053,7296
1589,369,124,35705,9687,1054,7230
1591,355,124,35705,9687,1053,6995
1592,363,124,35705,9687,1054,7230
1594,356,124,35705,9687,1053,6968
1596,370,124,35706,9687,1054,7331
1597,368,124,35705,9687,1053,7147
1599,366,124,35705,9687,1054,7280
1601,357,124,35706,9687,1054,6917
1602,362,125,35706,9687,1053,6991
1604,359,125,35706,9687,1052,7175
1606,354,125,35706,9687,1054,7140
1607,360,125,35706,9687,1054,7069
1609,363,125,35707,9687,1054,7128
1611,359,125,35709,9687,1054,7155
1612,369,125,35710,9687,1053,7182
1614,356,125,35710,9687,1054,7073
1615,360,125,35709,9687,1053,7034
1617,351,125,35710,9687,1054,7014
1619,363,125,35709,9687,1053,7116
1620,378,125,35710,9687,1054,7409
1622,356,125,35710,9687,1053,7218
1624,359,125,35710,9687,1054,7003
1625,371,125,35709,9687,1052,7398
1627,354,125,35708,9687,1054,7085
1629,361,125,35709,9687,1054,7148
1630,363,125,35709,9687,1055,7281
1632,354,125,35708,9687,1054,7163
1633,355,125,35707,9687,1054,6913
1635,366,125,35706,9687,1054,7245
1637,364,125,35706,9687,1054,7308
1638,364,125,35706,9687,1054,7285
1640,360,125,35706,9687,1054,7081
1642,361,125,35706,9687,1054,7206
1643,369,125,35706,9687,1054,7245
1645,355,125,35706,9687,1054,7030
1647,361,125,35706,9687,1054,7159
1648,362,125,35705,9687,1053,7210
1650,368,125,35705,9687,1054,7222
1652,345,125,35705,9687,1054,6921
1653,357,125,35706,9687,1054,7078
1655,352,125,35705,9687,1054,6964
1656,350,125,35704,9687,1054,7018
1658,369,125,35704,9687,1053,7335
1660,346,125,35703,9687,1053,6945
1661,376,125,35703,9687,1052,7323
1663,367,125,35702,9687,1054,7327
1665,354,125,35702,9687,1053,6929
1666,360,125,35701,9687,1053,7085
1668,367,125,35701,9687,1054,7374
1670,359,125,35701,9687,1054,6999
1671,354,125,35701,9687,1053,7014
1673,364,125,35700,9687,1054,7285
1675,370,125,35699,9687,1052,7261
1676,358,125,35698,9687,1053,7069
1678,360,125,35697,9687,1054,7132
1679,351,125,35696,9687,1054,7042
1681,363,125,35696,9687,1054,7187
1683,369,125,35696,9687,1054,7268
1684,360,125,35695,9687,1053,7257
1686,365,125,35695,9687,1053,7210
1688,365,125,35694,9687,1054,7132
1689,366,125,35693,9687,1054,7285
1691,358,126,35692,9687,1053,7101
1693,354,126,35691,9687,1054,7023
1694,365,126,35690,9687,1053,7128
1696,350,126,35688,9687,1053,6964
1697,357,126,35687,9687,1054,7038
1699,353,126,35687,9687,1054,6964
1701,313,126,35688,9687,1054,7229
1702,357,126,35689,9687,1054,7148
1704,368,126,35689,9687,1053,7249
1706,360,126,35690,9687,1054,7100
1707,372,126,35690,9687,1054,7382
1709,363,126,35691,9687,1054,7109
1711,315,126,35691,9687,1054,7363
1712,364,126,35692,9687,1054,7152
1714,356,126,35693,9687,1053,7140
1716,354,126,35694,9687,1054,7035
1717,349,126,35694,9687,1054,6992
1719,354,126,35695,9687,1054,7073
1721,365,126,35696,9687,1054,7253
1722,351,126,35697,9687,1054,6972
1724,362,126,35698,9687,1053,7136
1725,362,126,35699,9687,1054,7218
1727,369,126,35699,9687,1054,7319
1729,367,126,35699,9687,1054,7315
1730,362,126,35698,9687,1054,7148
1732,365,126,35699,9687,1054,7292
1734,356,126,35700,9703,1054,7125
1735,360,126,35700,9695,1054,7148
1737,372,126,35701,9687,1054,7382
1739,351,126,35701,9687,1053,7069
1740,373,126,35701,9687,1054,7350
1742,361,126,35701,9687,1054,7139
1743,369,126,35700,9687,1054,7389
1745,355,126,35700,9687,1054,7003
1747,371,126,35700,9687,1054,7371
1748,348,126,35700,9687,1053,7050
1750,350,126,35700,9687,1053,7027
1752,364,126,35698,9687,1054,7195
1753,368,126,35699,9703,1055,7409
1755,369,126,35699,9687,1054,7401
1757,308,126,35698,9687,1054,7023
1758,350,126,35697,9687,1055,7026
1760,354,126,35695,9687,1054,7034
1762,363,126,35694,9687,1054,7222
1763,358,126,35692,9687,1054,7097
1765,361,126,35691,9687,1054,7058
1766,357,126,35690,9687,1054,7237
1768,347,126,35691,9687,1054,7046
1770,361,127,35691,9687,1054,7374
1771,351,127,35691,9687,1054,7050
1773,343,127,35692,9703,1053,6953
1775,363,127,35692,9687,1054,7206
1776,354,127,35692,9687,1053,6975
1778,347,127,35692,9687,1053,7066
1780,365,127,35692,9687,1053,7280
1781,356,127,35692,9703,1054,6956
1783,359,127,35693,9687,1054,7300
1785,360,127,35694,9687,1054,7183
1786,373,127,35695,9687,1054,7366
1788,359,127,35695,9687,1053,7238
1789,352,127,35696,9687,1053,7070
1791,347,127,35697,9687,1054,6964
1793,363,127,35697,9687,1054,7147
1794,361,127,35696,9687,1053,7066
1796,344,127,35695,9687,1054,6901
1798,358,127,35695,9687,1053,7183
1799,362,127,35693,9687,1054,7066
1801,365,127,35692,9687,1054,7273
1803,352,127,35692,9687,1054,7151
1804,360,127,35692,9703,1054,7241
1806,351,127,35691,9695,1054,7109
1807,357,127,35692,9703,1053,7245
1809,355,127,35690,9687,1053,7038
1811,354,127,35690,9687,1054,7218
1812,365,127,35689,9687,1054,7378
1814,369,127,35689,9687,1052,7351
1816,364,127,35687,9687,1054,7190
1817,357,127,35686,9687,1053,7015
1819,351,127,35685,9687,1054,7003
1821,355,127,35685,9687,1054,7077
1822,361,127,35685,9687,1054,7281
1824,367,127,35685,9687,1054,7370
1826,364,127,35684,9687,1053,7261
1827,351,127,35684,9687,1054,7202
1829,355,127,35684,9687,1054,7038
1830,335,127,35683,9687,1054,6956
1832,361,127,35683,9687,1054,7246
1834,355,127,35681,9687,1054,7159
1835,354,127,35681,9687,1054,7007
1837,365,127,35680,9687,1054,7273
1839,367,127,35678,9687,1053,7299
1840,357,127,35677,9687,1054,7363
1842,357,127,35676,9687,1052,7018
1844,370,127,35677,9687,1053,7378
1845,365,127,35676,9687,1054,7280
1847,350,127,35676,9687,1054,7015
1849,354,127,35676,9687,1054,7097
1850,349,127,35675,9687,1054,7046
1852,350,127,35674,9687,1054,6995
1853,351,127,35674,9687,1054,7085
1855,360,127,35673,9687,1054,7245
1857,374,127,35673,9687,1054,7386
1858,351,127,35673,9687,1054,7073
1860,368,127,35673,9687,1053,7269
1862,365,127,35673,9687,1054,7264
1863,376,127,35674,9687,1053,7370
1865,377,127,35674,9687,1053,7390
1867,360,128,35675,9703,1054,7246
1868,365,128,35677,9687,1053,7085
1870,350,128,35677,9687,1054,7058
1872,352,128,35677,9687,1053,7011
1873,350,128,35676,9687,1054,6956
1875,362,128,35677,9687,1053,7269
1876,348,128,35676,9687,1053,6988
1878,308,128,35676,9687,1054,7000
1880,353,128,35676,9703,1053,7038
1881,359,128,35678,9687,1054,7045
1883,361,128,35678,9703,1054,7272
1885,357,128,35678,9687,1054,7156
1886,357,128,35680,9687,1054,6996
1888,307,128,35681,9703,1054,7003
1890,367,128,35681,9687,1054,6991
1891,370,128,35682,9703,1054,7339
1893,363,128,35683,9687,1054,7273
1895,357,128,35683,9687,1054,7062
1896,352,128,35684,9687,1054,7019
1898,375,128,35684,9687,1054,7406
1899,350,128,35684,9703,1054,7027
1901,365,128,35685,9703,1054,7374
1903,352,128,35686,9687,1054,7230
1904,360,128,35687,9703,1053,7187
1906,354,128,35688,9703,1054,7015
1908,365,128,35687,9703,1055,7331
1909,365,128,35688,9687,1054,7273
1911,368,128,35690,9703,1054,7222
1913,375,128,35691,9703,1054,7456
1914,369,128,35691,9703,1055,7288
1916,305,128,35692,9703,1054,6984
1918,359,128,35692,9703,1054,7049
1919,357,128,35693,9703,1054,7120
1921,368,128,35693,9687,1054,7367
1922,373,128,35694,9687,1054,7406
1924,359,128,35696,9703,1054,7171
1926,367,128,35697,9703,1054,7288
1927,366,128,35699,9703,1054,7272
1929,359,128,35701,9703,1054,7222
1931,358,128,35703,9703,1054,7327
1932,361,128,35705,9703,1054,7085
1934,351,128,35706,9703,1054,7042
1936,368,128,35708,9703,1054,7381
1937,362,128,35708,9703,1055,7389
1939,354,128,35707,9703,1054,7081
1940,366,128,35707,9687,1054,7284
1942,371,128,35706,9695,1054,7362
1944,374,128,35706,9703,1054,7421
1945,369,128,35706,9703,1054,7394
1947,354,128,35706,9703,1054,7206
1949,371,128,35707,9703,1053,7378
1950,370,128,35707,9703,1055,7417
1952,372,128,35709,9703,1054,7359
1954,373,128,35708,9703,1054,7312
1955,368,128,35707,9703,1054,7218
1957,373,128,35707,9703,1054,7413
1959,357,128,35706,9687,1054,7113
1960,372,128,35705,9703,1054,7327
1962,357,128,35704,9695,1054,7019
1963,361,128,35703,9687,1054,7167
1965,357,128,35701,9703,1055,7152
1967,366,128,35700,9687,1054,7128
1968,374,128,35699,9703,1054,7378
1970,367,128,35699,9687,1054,7265
1972,366,128,35698,9703,1054,7483
1973,373,128,35697,9687,1055,7382
1975,360,128,35695,9695,1054,7136
1977,358,128,35693,9703,1054,7070
1978,374,128,35691,9703,1053,7506
1980,363,128,35689,9703,1054,7277
1982,351,128,35687,9687,1054,7027
1983,368,128,35685,9703,1054,7261
1985,371,128,35685,9703,1054,7280
1986,365,128,35684,9703,1054,7390
1988,370,128,35682,9703,1055,7390
1990,373,128,35681,9687,1054,7452
1991,374,128,35680,9703,1054,7382
1993,364,128,35680,9687,1054,7253
1995,375,128,35681,9687,1054,7296
1996,354,129,35680,9687,1054,7139
1998,360,128,35680,9687,1054,7233
2000,369,129,35680,9687,1054,7335
2001,373,129,35679,9687,1054,7444
2003,359,129,35679,9703,1053,7144
2005,355,129,35680,9687,1054,7081
2006,360,129,35680,9703,1054,7062
2008,364,129,35680,9687,1052,7214
2009,364,129,35680,9703,1054,7151
2011,368,129,35680,9703,1053,7405
2013,350,129,35679,9703,1054,7038
2014,358,129,35679,9695,1054,7050
2016,362,129,35680,9703,1054,7316
2018,355,129,35681,9703,1055,7093
2019,376,129,35682,9703,1054,7449
2021,358,129,35681,9703,1054,7183
2023,363,129,35681,9687,1054,7140
2024,364,129,35680,9687,1054,7163
2026,361,129,35679,9703,1053,7195
2027,357,129,35678,9687,1053,6976
2029,370,129,35676,9687,1053,7371
2031,362,129,35675,9703,1054,7136
2032,363,129,35673,9687,1054,7178
2034,374,129,35672,9687,1054,7436
2036,370,129,35671,9687,1053,7397
2037,365,129,35670,9687,1054,7151
2039,359,129,35669,9687,1054,7035
2041,370,129,35668,9703,1054,7440
2042,364,129,35667,9687,1054,7253
2044,374,129,35665,9695,1054,7402
2046,360,129,35663,9703,1054,7120
2047,368,129,35663,9703,1054,7281
2049,370,129,35663,9687,1054,7280
2050,359,129,35663,9687,1054,7144
2052,359,129,35662,9687,1054,7160
2054,358,129,35663,9687,1054,7085
2055,367,129,35663,9703,1054,7253
2057,356,129,35663,9687,1054,7054
2059,374,129,35663,9703,1054,7312
2060,359,129,35663,9687,1053,7144
2062,373,129,35662,9703,1054,7410
2064,357,129,35663,9703,1052,7174
2065,363,129,35663,9703,1054,7096
2067,360,129,35663,9687,1054,7104
2069,364,129,35663,9687,1053,7151
2070,361,129,35664,9687,1053,7046
2072,371,129,35664,9703,1053,7429
2073,363,129,35664,9703,1054,7081
2075,364,129,35665,9687,1055,7163
2077,364,129,35665,9695,1054,7112
2078,356,129,35666,9695,1054,7144
2080,354,129,35666,9703,1054,6988
2082,365,129,35668,9703,1054,7253
2083,368,129,35668,9703,1053,7363
2085,356,129,35668,9703,1054,7046
2087,366,129,35668,9703,1054,7362
2088,375,129,35669,9703,1054,7363
2090,368,129,35668,9703,1054,7178
2091,369,129,35668,9703,1054,7320
2093,381,129,35669,9687,1054,7409
2095,369,129,35670,9695,1053,7300
2096,366,129,35669,9703,1054,7268
2098,358,129,35670,9687,1054,7027
2100,360,129,35670,9703,1054,7050
2101,352,129,35669,9703,1054,7007
2103,378,129,35669,9703,1054,7425
2105,363,129,35669,9687,1054,7139
2106,367,129,35669,9695,1053,7331
2108,367,129,35668,9695,1053,7428
2110,362,129,35668,9703,1054,7273
2111,354,129,35669,9703,1054,6996
2113,356,129,35670,9703,1054,7019
2114,363,129,35671,9703,1054,7382
2116,372,129,35673,9703,1055,7515
2118,356,129,35674,9703,1054,7066
2119,361,129,35674,9703,1054,7101
2121,376,129,35675,9703,1054,7402
2123,372,129,35676,9703,1054,7452
2124,360,129,35676,9703,1054,7073
2126,361,129,35676,9703,1054,7112
2128,360,129,35676,9703,1055,7253
2129,360,129,35675,9703,1054,7018
2131,357,129,35674,9687,1054,7062
2133,357,129,35674,9703,1054,7178
2134,366,129,35674,9703,1054,7234
2136,375,129,35673,9703,1054,7405
2137,363,130,35672,9703,1054,7073
2139,362,130,35672,9687,1054,7155
2141,361,130,35671,9703,1054,7120
2142,368,130,35670,9703,1054,7347
2144,368,130,35669,9703,1053,7210
2146,361,130,35668,9703,1053,7199
2147,365,130,35667,9695,1054,7390
2149,376,130,35667,9703,1054,7491
2151,357,130,35666,9703,1054,7308
2152,363,130,35666,9703,1054,7112
2154,361,130,35667,9703,1054,7179
2155,359,130,35668,9703,1054,7117
2157,375,130,35669,9703,1054,7374
2159,372,130,35669,9703,1054,7401
2160,373,130,35670,9687,1054,7367
2162,356,130,35669,9687,1053,7097
2164,378,130,35669,9703,1054,7467
2165,350,130,35669,9695,1054,7144
2167,373,130,35670,9703,1054,7487
2169,361,130,35671,9687,1054,7171
2170,362,130,35671,9687,1053,7167
2172,364,130,35670,9687,1053,7386
2174,362,130,35670,9703,1054,7214
2175,367,130,35669,9703,1054,7452
2177,356,130,35669,9703,1054,7190
2178,365,130,35669,9703,1054,7308
2180,358,130,35668,9703,1054,7011
2182,375,130,35668,9703,1054,7510
2183,366,130,35668,9703,1054,7425
2185,372,130,35669,9703,1054,7397
2187,369,130,35669,9703,1055,7397
2188,370,130,35670,9703,1054,7394
2190,355,130,35671,9703,1054,7167
2192,373,130,35670,9687,1054,7367
2193,349,130,35669,9703,1054,7035
2195,375,130,35669,9703,1054,7483
2197,367,130,35669,9687,1053,7394
2198,370,130,35669,9687,1053,7437
2200,369,130,35669,9703,1055,7386
2201,362,130,35671,9703,1054,7140
2203,367,130,35671,9703,1054,7096
2205,361,130,35671,9703,1055,7167
2206,382,130,35671,9703,1054,7507
2208,358,130,35672,9703,1054,7140
2210,368,130,35672,9703,1053,7210
2211,371,130,35672,9703,1054,7406
2213,361,130,35672,9687,1054,7077
2215,370,130,35671,9703,1054,7308
2216,375,130,35671,9703,1054,7394
2218,357,130,35671,9703,1053,7034
2219,368,130,35671,9687,1054,7217
2221,363,130,35670,9695,1054,7230
2223,371,130,35670,9703,1054,7272
2224,357,130,35671,9695,1054,7058
2226,375,130,35672,9703,1055,7429
2228,371,130,35671,9703,1054,7390
2229,359,130,35671,9703,1054,7093
2231,361,130,35671,9703,1055,7136
2233,376,130,35671,9703,1054,7393
2234,361,130,35671,9703,1054,7273
2236,369,130,35671,9703,1052,7444
2238,346,130,35671,9703,1055,7096
2239,353,130,35670,9703,1054,7031
2241,369,130,35671,9703,1054,7402
2242,359,130,35672,9703,1054,7425
2244,357,130,35673,9703,1054,7058
2246,358,130,35674,9703,1055,7101
2247,312,130,35675,9703,1054,7148
2249,360,130,35676,9703,1055,7179
2251,363,130,35677,9703,1054,7132
2252,358,130,35677,9703,1054,7042
2254,376,130,35678,9703,1055,7381
2256,353,130,35680,9703,1054,7156
2257,366,130,35680,9703,1055,7346
2259,365,130,35681,9703,1054,7432
2261,365,130,35681,9703,1055,7042
2262,351,130,35681,9703,1054,7030
2264,367,130,35681,9703,1054,7202
2265,363,130,35681,9703,1055,7050
2267,370,130,35682,9703,1054,7414
2269,360,130,35682,9703,1054,7151
2270,352,130,35682,9703,1054,7011
2272,372,130,35681,9703,1053,7511
2274,374,130,35680,9687,1054,7476
2275,362,130,35679,9703,1054,7113
2277,353,130,35677,9703,1054,7167
2279,368,130,35677,9703,1055,7460
2280,358,130,35676,9703,1054,7140
2282,365,130,35675,9703,1054,7229
2284,356,130,35674,9703,1054,7105
2285,365,130,35674,9703,1054,7245
2287,360,130,35674,9703,1054,7230
2288,331,130,35675,9703,1054,7522
2290,355,130,35674,9703,1054,7026
2292,364,130,35675,9703,1054,7136
2293,355,130,35676,9703,1054,7015
2295,369,130,35676,9703,1054,7362
2297,361,130,35676,9703,1055,7120
2298,364,130,35677,9703,1054,7292
2300,367,130,35678,9703,1054,7358
2302,368,130,35679,9703,1054,7441
2303,359,130,35680,9703,1054,7187
2305,359,130,35680,9703,1054,7070
2307,372,130,35680,9703,1054,7421
2308,378,130,35681,9703,1054,7515
2310,361,130,35683,9703,1054,7253
2311,364,130,35683,9703,1055,7144
2313,358,130,35683,9703,1054,7226
2315,357,130,35683,9703,1054,7182
2316,346,130,35683,9703,1054,7077
2318,372,130,35684,9703,1054,7420
2320,373,130,35683,9703,1054,7456
2321,359,130,35683,9703,1054,7148
2323,370,130,35683,9703,1055,7437
2325,365,130,35683,9703,1055,7285
2326,366,130,35683,9703,1055,7206
2328,376,130,35683,9703,1054,7562
2329,363,130,35682,9703,1054,7077
2331,357,130,35681,9703,1054,7092
2333,363,130,35680,9703,1055,7218
2334,382,130,35678,9703,1055,7519
2336,374,130,35677,9695,1054,7445
2338,360,130,35675,9703,1054,7304
2339,375,130,35675,9703,1054,7444
2341,375,130,35674,9695,1054,7538
2343,370,130,35673,9703,1054,7483
2344,363,130,35672,9703,1054,7253
2346,359,130,35671,9703,1054,7167
2348,346,130,35670,9687,1054,7104
2349,357,130,35668,9703,1054,7108
2351,372,130,35666,9703,1053,7436
2352,360,130,35664,9703,1054,7031
2354,365,130,35664,9703,1054,7242
2356,375,130,35665,9703,1054,7406
2357,367,130,35665,9703,1054,7393
2359,367,130,35666,9687,1054,7374
2361,368,130,35666,9703,1054,7233
2362,373,130,35667,9703,1054,7503
2364,374,130,35667,9703,1055,7437
2366,369,130,35667,9695,1054,7386
2367,356,130,35667,9695,1052,7147
2369,375,131,35667,9703,1055,7464
2371,362,131,35667,9703,1055,7351
2372,358,131,35667,9703,1054,7077
2374,368,131,35666,9703,1054,7362
2375,354,131,35666,9703,1054,7143
2377,367,131,35667,9703,1055,7217
2379,359,131,35668,9703,1054,7163
2380,378,131,35666,9703,1054,7503
2382,371,131,35664,9703,1054,7457
2384,371,131,35664,9687,1053,7471
2385,361,131,35664,9703,1054,7335
2387,362,131,35664,9703,1054,6984
2389,353,131,35662,9703,1054,7058
2390,377,131,35661,9703,1055,7511
2392,359,131,35661,9703,1055,7222
2393,356,131,35662,9703,1054,7202
2395,370,131,35662,9703,1056,7269
2397,360,131,35662,9703,1054,7034
2398,369,131,35663,9703,1054,7331
2400,363,131,35663,9703,1054,7191
2402,358,131,35663,9703,1054,7132
2403,354,131,35663,9703,1054,7085
2405,365,131,35663,9703,1054,7464
2407,368,131,35664,9703,1054,7374
2408,323,131,35665,9703,1054,7436
2410,367,131,35666,9703,1054,7445
2412,360,131,35666,9703,1054,7331
2413,378,131,35666,9703,1055,7452
2415,373,131,35666,9703,1054,7296
2416,356,131,35667,9703,1055,7136
2418,378,131,35668,9703,1054,7530
2420,376,131,35668,9703,1054,7511
2421,372,131,35668,9703,1054,7503
2423,363,131,35668,9703,1054,7245
2425,354,131,35668,9703,1054,7109
2426,370,131,35667,9703,1053,7288
2428,363,131,35667,9703,1054,7245
2430,370,131,35666,9703,1054,7433
2431,363,131,35666,9703,1054,7261
2433,358,131,35666,9703,1055,7195
2435,358,131,35665,9703,1054,7143
2436,374,131,35665,9703,1054,7519
2438,357,131,35664,9687,1054,7237
2439,360,131,35662,9703,1054,7343
2441,362,131,35662,9703,1054,7140
2443,370,131,35660,9703,1054,7483
2444,360,131,35659,9687,1054,7253
2446,363,131,35658,9703,1054,7410
2448,373,131,35656,9703,1054,7480
2449,365,131,35655,9703,1054,7406
2451,369,131,35655,9703,1054,7499
2453,375,131,35654,9703,1054,7527
2454,324,131,35652,9687,1053,7515
2456,360,131,35650,9687,1052,7210
2458,359,131,35648,9703,1054,7218
2459,359,131,35647,9695,1054,7116
2461,373,131,35645,9703,1053,7491
2462,365,131,35646,9703,1054,7187
2464,371,131,35645,9703,1054,7246
2466,369,131,35645,9687,1054,7433
2467,356,131,35645,9703,1054,7062
2469,379,131,35645,9703,1054,7484
2471,371,131,35645,9703,1054,7452
2472,373,131,35646,9703,1054,7515
2474,363,131,35646,9703,1054,7265
2476,366,131,35645,9687,1053,7210
2477,374,131,35644,9703,1054,7522
2479,371,131,35644,9703,1054,7480
2480,352,131,35645,9703,1054,7160
2482,372,131,35646,9703,1054,7394
2484,356,131,35646,9703,1054,7109
2485,377,131,35647,9703,1054,7499
2487,364,131,35647,9703,1054,7441
2489,364,131,35646,9687,1054,7116
2490,346,131,35646,9703,1054,7155
2492,362,131,35646,9703,1053,7382
2494,377,131,35646,9703,1054,7437
2495,359,131,35646,9703,1054,7382
2497,356,131,35645,9687,1054,7136
2499,358,131,35645,9703,1054,7187
2500,353,131,35644,9703,1054,7026
2502,363,131,35644,9703,1054,7339
2504,368,131,35645,9703,1054,7406
2505,383,131,35647,9703,1054,7621
2507,372,131,35648,9703,1054,7339
2508,356,131,35648,9687,1053,7139
2510,361,131,35647,9695,1053,7191
2512,371,131,35647,9695,1054,7456
2513,365,131,35648,9703,1055,7234
2515,366,131,35649,9703,1054,7191
2517,372,131,35648,9703,1054,7495
2518,371,131,35648,9703,1054,7565
2520,357,131,35647,9687,1053,7241
2522,368,131,35645,9687,1054,7378
2523,364,131,35645,9703,1054,7206
2525,377,131,35645,9703,1053,7479
2526,368,131,35646,9703,1054,7249
2528,372,131,35646,9703,1054,7413
2530,370,131,35645,9695,1053,7413
2531,363,131,35643,9687,1054,7144
2533,365,131,35641,9695,1053,7484
2535,356,131,35641,9695,1054,7191
2536,360,131,35641,9695,1053,7241
2538,368,131,35641,9703,1055,7409
2540,375,131,35641,9703,1054,7538
2541,360,131,35641,9703,1054,7229
2543,368,131,35641,9703,1054,7507
2545,383,131,35642,9703,1054,7605
2546,357,131,35643,9703,1054,7210
2548,361,131,35644,9687,1054,7218
2549,375,131,35645,9703,1054,7460
2551,360,131,35645,9703,1054,7288
2553,377,131,35644,9703,1054,7448
2554,378,131,35644,9695,1054,7417
2556,364,131,35645,9703,1054,7269
2558,363,131,35646,9703,1055,7152
2559,361,131,35648,9703,1054,7179
2561,366,131,35649,9703,1054,7534
2563,366,131,35650,9703,1054,7370
2564,368,131,35651,9703,1054,7355
2566,368,131,35652,9703,1054,7483
2568,364,131,35653,9703,1055,7152
2569,364,131,35654,9703,1054,7468
2571,367,131,35654,9703,1054,7507
2572,374,131,35655,9703,1054,7492
