timestamp,pow,traw,tmu,cd,cv,ci,cstatus,ctemp
0,147,67,33985,9093,1001,2527,0,61312
3,153,67,33984,9093,1001,2488,0,61812
5,152,67,33975,9093,1001,2570,0,60812
7,155,67,33984,9109,1004,2570,0,61812
9,154,67,33992,9093,1003,2480,0,61812
12,157,67,33980,9093,1003,2578,0,61812
14,158,67,33968,9093,1001,2574,0,60812
16,153,67,33981,9109,1003,2617,0,61312
19,156,67,33980,9093,1001,2570,0,61812
21,155,68,33986,9109,1003,2562,0,62312
23,151,68,33992,9093,1001,2585,0,61312
25,156,68,33975,9093,1003,2578,0,61812
28,159,68,33981,9093,1003,2582,0,60312
30,162,68,33977,9093,1001,2609,0,61812
32,153,68,33986,9093,1001,2605,0,61312
34,152,68,33998,9093,1003,2593,0,62312
37,147,68,33999,9109,1001,2496,0,61812
39,148,68,33974,9093,1003,2476,0,62312
41,156,69,33981,9093,1003,2605,0,62312
43,154,69,33995,9109,1003,2570,0,61812
46,159,69,33982,9093,1001,2597,0,62812
48,156,69,33985,9093,1001,2589,0,61812
50,149,69,33973,9093,1004,2554,0,62812
52,159,69,33974,9093,1003,2570,0,62312
55,162,69,33982,9093,1001,2621,0,63312
57,145,69,33987,9109,1001,2550,0,62812
59,148,69,33983,9093,1003,2550,0,62812
61,157,70,33988,9109,1003,2570,0,62812
64,157,70,33989,9109,1003,2578,0,63312
66,153,70,33964,9109,1004,2601,0,62312
68,166,70,33955,9109,1001,2574,0,63312
71,151,70,33957,9093,1001,2605,0,62812
73,153,70,33967,9109,1001,2566,0,63812
75,162,70,33968,9093,1001,2691,0,62812
77,153,70,33963,9093,1003,2585,0,63812
80,150,70,33958,9093,1003,2566,0,63312
82,157,70,33962,9093,1001,2632,0,62812
84,150,71,33973,9093,1004,2589,0,63812
86,154,71,33968,9093,1003,2585,0,63312
89,158,71,33995,9109,1003,2585,0,63312
91,151,71,33982,9109,1001,2570,0,63812
93,151,71,33978,9093,1001,2570,0,63812
95,147,71,33969,9109,1003,2566,0,64250
98,152,71,33981,9109,1001,2593,0,63812
100,155,71,33981,9093,1003,2601,0,64750
102,151,71,33966,9093,1003,2613,0,63812
104,150,72,33949,9109,1003,2566,0,64250
107,162,72,33962,9109,1003,2687,0,63312
109,169,72,33961,9093,1003,2582,0,64250
111,154,72,33951,9093,1003,2617,0,63812
113,156,72,33960,9109,1001,2546,0,64750
116,155,72,33955,9093,999,2605,0,64250
118,153,72,33950,9093,1003,2593,0,63812
120,157,72,33939,9093,1003,2578,0,65250
123,158,72,33939,9109,1003,2613,0,64750
125,150,72,33958,9109,1003,2628,0,64750
127,158,73,33968,9093,1003,2617,0,64750
129,150,73,33959,9109,1001,2546,0,64750
132,149,73,33966,9109,1003,2566,0,65250
134,153,73,33948,9093,1001,2574,0,64750
136,153,73,33961,9109,1001,2570,0,65750
138,151,73,33960,9109,1003,2636,0,63312
141,160,73,33944,9109,1003,2585,0,65250
143,154,73,33958,9109,1003,2589,0,64750
145,155,73,33941,9093,1003,2652,0,65250
152,152,74,33954,9109,1003,2492,0,66250
154,148,74,33955,9109,1003,2460,0,64250
156,149,74,33964,9109,1003,2578,0,65750
159,151,74,33949,9109,1001,2613,0,65250
161,156,74,33937,9093,1003,2582,0,65250
163,154,74,33922,9093,1001,2550,0,66750
165,151,74,33917,9109,1003,2562,0,65250
168,164,74,33924,9093,1001,2566,0,66250
170,151,74,33946,9109,1003,2597,0,65250
172,150,75,33951,9109,1003,2601,0,66250
175,147,75,33949,9109,1003,2578,0,65750
177,156,75,33955,9109,1003,2660,0,65750
179,150,75,33950,9109,1003,2660,0,66250
181,155,75,33961,9109,1004,2597,0,66750
184,156,75,33948,9109,1003,2691,0,65750
186,158,75,33945,9109,1003,2652,0,66250
188,154,75,33940,9109,1003,2574,0,65250
190,156,75,33934,9109,1003,2664,0,66750
193,147,75,33938,9109,1001,2593,0,66750
195,166,75,33942,9109,1003,2703,0,67250
197,153,76,33938,9109,1001,2617,0,66750
199,158,76,33939,9109,1003,2695,0,66750
202,160,76,33935,9109,1003,2691,0,66250
204,167,76,33931,9109,1003,2695,0,66750
206,155,76,33914,9109,1003,2589,0,67750
208,163,76,33915,9109,1003,2617,0,67750
211,155,76,33918,9109,1003,2585,0,66250
213,160,76,33924,9109,1001,2613,0,66750
215,152,76,33926,9109,1003,2554,0,67250
217,162,76,33920,9109,1001,2660,0,66250
220,156,76,33911,9109,1004,2625,0,67250
222,158,77,33919,9109,1001,2625,0,66750
224,160,77,33910,9109,1003,2660,0,68250
227,164,77,33910,9109,1001,2554,0,66750
229,159,77,33910,9109,1003,2632,0,66750
231,155,77,33911,9109,1003,2585,0,67750
233,163,77,33903,9109,1003,2582,0,66750
236,156,77,33922,9109,1003,2589,0,67250
238,156,77,33910,9109,1003,2613,0,67750
240,157,77,33904,9109,1003,2546,0,68250
242,150,77,33921,9109,1004,2566,0,67250
245,157,77,33919,9109,1001,2644,0,67250
247,148,78,33910,9109,1003,2527,0,68250
249,155,78,33915,9109,1003,2589,0,67250
251,163,78,33918,9109,1003,2644,0,67750
254,160,78,33921,9109,1003,2578,0,66750
256,155,78,33913,9109,1003,2593,0,68750
258,152,78,33919,9109,1003,2589,0,67750
260,156,78,33908,9109,1003,2585,0,67750
263,151,78,33902,9109,1003,2500,0,68750
265,153,78,33913,9109,1003,2480,0,68250
267,163,78,33910,9109,1003,2652,0,67750
269,155,78,33897,9109,1003,2617,0,69250
272,159,79,33902,9109,1001,2585,0,68250
274,157,79,33914,9109,1001,2589,0,68250
276,162,79,33913,9109,1003,2589,0,68250
279,162,79,33903,9109,1003,2582,0,67750
281,170,79,33898,9109,1003,2644,0,68250
283,167,79,33884,9109,999,2609,0,68750
285,152,79,33889,9109,1003,2570,0,68250
288,158,79,33889,9109,1004,2593,0,68750
290,159,79,33886,9109,1001,2589,0,68250
292,155,79,33887,9109,1003,2585,0,69750
294,145,79,33896,9109,1004,2527,0,69250
297,160,79,33894,9109,1004,2609,0,68250
303,156,80,33895,9109,1001,2570,0,69250
306,155,80,33899,9109,1001,2613,0,68750
308,155,80,33900,9109,1003,2554,0,68750
310,163,80,33892,9109,1003,2660,0,69250
312,160,80,33903,9109,1004,2617,0,69250
315,159,80,33906,9109,1003,2593,0,69250
317,162,80,33906,9109,1003,2589,0,69250
319,152,80,33912,9109,1003,2601,0,69250
321,154,80,33898,9125,1003,2562,0,68750
324,153,80,33914,9125,1003,2554,0,70750
326,163,81,33916,9125,1004,2570,0,69250
328,159,81,33919,9109,1001,2644,0,70250
331,159,81,33907,9109,1004,2683,0,68750
333,164,81,33901,9109,1003,2691,0,69750
335,161,81,33898,9109,1003,2710,0,69250
337,170,81,33905,9125,1003,2683,0,69750
340,157,81,33898,9109,1003,2687,0,69250
342,163,81,33908,9109,1003,2648,0,70250
344,167,81,33906,9109,1003,2679,0,69750
346,152,81,33913,9109,1003,2585,0,69250
349,163,81,33905,9109,1001,2582,0,69750
351,168,81,33899,9109,1003,2617,0,70250
353,153,82,33905,9109,1003,2574,0,69250
355,153,82,33907,9125,1001,2601,0,70250
358,164,82,33904,9109,1003,2632,0,69750
360,167,82,33897,9125,1003,2691,0,70250
362,155,82,33900,9109,1003,2617,0,70250
364,164,82,33909,9125,1003,2566,0,70750
367,165,82,33911,9125,1004,2625,0,70750
369,155,82,33906,9109,1003,2550,0,69250
371,160,82,33910,9109,1003,2660,0,69750
373,166,82,33916,9125,1003,2671,0,70250
376,169,82,33906,9109,1003,2687,0,70250
378,163,82,33901,9125,1004,2578,0,69750
380,160,82,33898,9125,1004,2613,0,70250
383,158,83,33908,9109,1004,2625,0,70750
385,161,83,33891,9109,1003,2699,0,70750
387,164,83,33899,9125,1001,2660,0,70250
389,160,83,33899,9109,1003,2585,0,70250
392,162,83,33900,9109,1003,2687,0,71250
394,162,83,33902,9109,1003,2667,0,70750
396,165,83,33895,9109,1003,2644,0,70750
398,160,83,33875,9125,1004,2679,0,70750
401,160,83,33881,9125,1003,2640,0,71750
407,158,83,33896,9109,1003,2617,0,71250
410,152,84,33884,9109,1003,2636,0,71750
412,161,84,33895,9125,1004,2656,0,70750
414,169,84,33893,9125,1003,2683,0,71250
416,165,84,33871,9109,1003,2730,0,70250
419,161,84,33872,9125,1003,2679,0,71250
421,162,84,33876,9109,1003,2585,0,71250
423,161,84,33870,9109,1004,2683,0,70750
425,158,84,33895,9125,1003,2625,0,71750
428,154,84,33877,9125,1003,2484,0,72750
430,154,84,33889,9109,1003,2632,0,71250
432,164,84,33878,9125,1004,2687,0,72250
435,155,84,33876,9109,1001,2699,0,71750
437,160,84,33866,9109,1004,2675,0,72250
439,161,84,33867,9125,1004,2566,0,71750
441,162,85,33865,9109,1003,2660,0,71750
444,168,85,33869,9125,1001,2714,0,71250
446,161,85,33884,9125,1003,2621,0,72750
448,163,85,33880,9125,1003,2601,0,72250
450,162,85,33886,9125,1003,2687,0,72250
453,162,85,33868,9109,1003,2613,0,71750
455,165,85,33882,9109,1001,2722,0,71250
457,158,85,33886,9125,1003,2628,0,71750
459,161,85,33887,9125,1003,2691,0,71750
462,166,85,33881,9125,1004,2660,0,72250
464,156,85,33882,9125,1003,2683,0,72750
466,153,85,33869,9109,1003,2667,0,72250
468,169,85,33871,9125,1003,2691,0,71750
471,162,85,33874,9125,1003,2699,0,72750
473,167,86,33884,9109,1001,2687,0,71750
475,158,86,33872,9109,1003,2687,0,71250
477,154,86,33868,9109,1003,2585,0,71750
480,155,86,33879,9125,1003,2585,0,72750
482,155,86,33892,9125,1001,2691,0,72250
484,160,86,33872,9125,1004,2718,0,73250
486,167,86,33862,9125,1004,2718,0,73250
493,163,86,33866,9109,1003,2675,0,72750
496,164,86,33865,9109,1003,2707,0,72250
498,163,86,33860,9109,1003,2636,0,72250
500,164,86,33860,9109,1003,2687,0,72250
502,158,86,33871,9125,1003,2640,0,73250
505,163,86,33863,9109,1003,2667,0,72750
507,159,87,33862,9125,1001,2609,0,73250
509,163,87,33873,9125,1004,2695,0,71750
511,167,87,33888,9125,1003,2593,0,73250
514,159,87,33866,9125,1004,2597,0,72750
516,156,87,33865,9125,1004,2625,0,72250
518,162,87,33866,9125,1003,2707,0,72750
520,160,87,33865,9125,1003,2667,0,72250
523,155,87,33863,9125,1003,2695,0,73750
525,159,87,33861,9125,1003,2609,0,72750
527,157,87,33862,9125,1004,2710,0,73750
529,158,87,33861,9125,1003,2613,0,73250
532,169,87,33860,9125,1004,2714,0,72750
534,158,87,33852,9125,1001,2679,0,73250
536,159,87,33858,9125,1003,2671,0,73250
538,164,87,33856,9109,1003,2742,0,73250
541,160,88,33841,9125,1001,2703,0,73250
543,165,88,33846,9109,1001,2691,0,73750
545,165,88,33850,9125,1001,2609,0,72750
548,163,88,33862,9125,1001,2605,0,73750
550,160,88,33862,9125,1003,2703,0,73750
552,160,88,33856,9125,1003,2683,0,73250
554,159,88,33843,9125,1004,2589,0,72750
557,161,88,33846,9125,1001,2632,0,73750
559,151,88,33852,9125,1003,2648,0,72750
561,161,88,33852,9125,1004,2703,0,73750
563,161,88,33850,9125,1003,2699,0,73750
566,163,88,33841,9125,1004,2574,0,73750
568,163,88,33840,9125,1003,2625,0,73750
570,161,88,33846,9125,1003,2625,0,74125
572,159,88,33844,9125,1003,2714,0,74625
575,152,88,33845,9125,1001,2667,0,73750
577,160,89,33847,9109,1004,2593,0,72750
579,162,89,33850,9125,1003,2687,0,74125
581,166,89,33853,9125,1001,2722,0,73250
584,165,89,33841,9109,1001,2710,0,74125
586,156,89,33845,9125,1001,2691,0,73250
588,166,89,33848,9125,1003,2644,0,73750
590,154,89,33837,9109,1003,2691,0,74125
593,160,89,33831,9125,1003,2687,0,74125
595,161,89,33838,9125,1003,2730,0,73250
597,158,89,33852,9125,1003,2710,0,74125
600,159,89,33858,9125,1003,2710,0,74125
602,159,89,33860,9125,1003,2640,0,74625
604,163,89,33853,9125,1004,2699,0,73750
606,154,89,33852,9125,1003,2660,0,74625
609,161,89,33848,9125,1003,2707,0,74625
611,161,89,33838,9109,1003,2609,0,74625
618,156,90,33843,9125,1003,2691,0,73750
620,161,90,33845,9125,1003,2671,0,74125
622,156,90,33849,9125,1001,2562,0,74625
624,153,90,33841,9125,1003,2539,0,74625
627,154,90,33839,9125,1003,2695,0,74625
629,160,90,33840,9125,1003,2691,0,74625
631,161,90,33851,9125,1004,2687,0,74625
633,164,90,33844,9125,1003,2664,0,74625
636,164,90,33853,9125,1004,2707,0,74125
638,163,90,33842,9125,1003,2652,0,73250
640,164,90,33835,9125,1003,2714,0,74125
642,159,90,33863,9125,1003,2687,0,74125
645,155,90,33853,9125,1003,2605,0,74625
652,158,91,33851,9125,1004,2613,0,74625
654,161,91,33849,9125,1004,2667,0,74625
656,156,91,33854,9125,1003,2609,0,74125
658,156,91,33854,9125,1003,2644,0,74625
661,160,91,33847,9125,1003,2722,0,74125
663,158,91,33862,9140,1003,2699,0,75125
665,163,91,33860,9125,1003,2660,0,74625
667,149,91,33847,9125,1003,2542,0,75125
670,149,91,33856,9125,1003,2664,0,74125
672,157,91,33846,9125,1003,2679,0,75125
674,157,91,33853,9125,1004,2699,0,73750
676,156,91,33854,9125,1003,2671,0,74625
679,165,91,33838,9125,1003,2664,0,74625
685,161,91,33842,9125,1003,2691,0,75125
688,156,91,33845,9125,1004,2656,0,75625
690,158,91,33848,9125,1004,2671,0,74625
692,162,92,33853,9140,1004,2691,0,76625
694,162,92,33860,9125,1003,2683,0,75625
697,162,92,33852,9125,1003,2675,0,74625
699,155,92,33850,9140,1003,2644,0,75625
701,157,92,33853,9125,1003,2699,0,75125
704,160,92,33863,9125,1003,2671,0,75125
706,160,92,33852,9125,1003,2679,0,75125
708,155,92,33858,9140,1003,2570,0,76125
710,159,92,33857,9125,1003,2691,0,75125
713,156,92,33844,9140,1004,2691,0,76125
724,161,92,33839,9125,1003,2691,0,75625
726,160,92,33845,9125,1003,2695,0,75625
728,157,92,33856,9140,1006,2605,0,76125
731,156,92,33855,9125,1003,2675,0,75125
733,158,92,33854,9140,1003,2648,0,75625
735,159,93,33850,9125,1004,2660,0,75125
737,158,93,33844,9140,1004,2582,0,76125
740,156,93,33862,9140,1003,2644,0,76125
742,161,93,33851,9125,1003,2675,0,75625
744,164,93,33843,9140,1006,2585,0,76125
746,160,93,33835,9125,1004,2746,0,75625
749,157,93,33829,9125,1004,2687,0,76125
751,159,93,33822,9125,1003,2699,0,76125
758,151,93,33826,9125,1004,2664,0,76125
760,162,93,33825,9140,1004,2699,0,75625
762,161,93,33835,9125,1003,2785,0,76125
765,159,93,33836,9125,1003,2679,0,76125
767,157,93,33828,9125,1004,2703,0,76125
769,154,93,33831,9125,1003,2683,0,77125
771,156,93,33831,9125,1003,2695,0,76625
774,158,93,33826,9125,1001,2691,0,74625
776,157,93,33825,9125,1004,2648,0,76625
778,161,93,33827,9140,1003,2699,0,76125
780,158,94,33843,9140,1003,2667,0,76625
783,154,94,33838,9125,1003,2585,0,76125
785,158,94,33836,9140,1004,2699,0,76625
787,158,94,33826,9125,1003,2566,0,76125
789,153,94,33844,9140,1004,2578,0,76625
792,164,94,33828,9140,1003,2722,0,76125
794,167,94,33829,9125,1001,2675,0,76125
796,154,94,33821,9125,1003,2652,0,76625
798,159,94,33809,9125,1003,2726,0,77125
801,157,94,33809,9125,1004,2761,0,75625
803,157,94,33808,9125,1004,2707,0,76125
805,155,94,33805,9125,1003,2687,0,75625
808,155,94,33806,9140,1003,2746,0,76125
810,160,94,33810,9140,1001,2738,0,76125
812,158,94,33816,9125,1003,2695,0,77625
814,160,94,33819,9140,1003,2695,0,77125
817,156,94,33835,9125,1003,2667,0,77125
819,151,94,33826,9125,1003,2691,0,76125
821,156,94,33836,9140,1003,2730,0,76625
823,160,94,33834,9125,1003,2667,0,76625
826,153,94,33810,9125,1003,2628,0,77125
828,158,94,33812,9125,1003,2691,0,76125
830,154,95,33814,9125,1001,2570,0,76625
832,158,95,33809,9125,1003,2636,0,77125
835,152,95,33816,9125,1001,2675,0,77125
837,153,95,33817,9140,1003,2605,0,77625
839,159,95,33805,9125,1003,2695,0,76625
841,156,95,33806,9125,1001,2699,0,76625
844,159,95,33815,9140,1004,2699,0,76625
846,157,95,33819,9125,1003,2671,0,76625
848,154,95,33815,9140,1003,2675,0,76625
850,159,95,33810,9125,1003,2687,0,76625
853,158,95,33821,9125,1004,2585,0,76625
855,150,95,33812,9125,1003,2605,0,77125
857,159,95,33805,9125,1003,2593,0,78125
859,157,95,33809,9140,1003,2652,0,78125
862,160,95,33808,9125,1003,2621,0,76625
864,160,95,33796,9125,1003,2578,0,77625
866,167,95,33805,9125,1003,2765,0,77625
869,157,95,33807,9125,1003,2644,0,77625
871,154,95,33816,9140,1004,2699,0,77625
873,158,95,33809,9125,1003,2699,0,78125
875,156,95,33809,9125,1004,2695,0,78125
878,158,96,33806,9140,1003,2691,0,77125
880,159,96,33802,9125,1003,2695,0,78125
882,154,96,33795,9125,1003,2640,0,78125
884,155,96,33786,9125,1003,2574,0,78125
887,150,96,33784,9125,1003,2691,0,77625
889,158,96,33782,9125,1003,2707,0,77625
891,158,96,33801,9140,1001,2726,0,78625
893,154,96,33802,9125,1001,2613,0,77625
896,159,96,33794,9140,1003,2761,0,77125
898,161,96,33802,9125,1001,2695,0,77625
900,162,96,33790,9125,1004,2714,0,77125
902,159,96,33799,9125,1003,2726,0,78125
905,157,96,33798,9125,1003,2687,0,77625
907,161,96,33801,9125,1003,2695,0,77125
909,162,96,33803,9140,1003,2703,0,77625
911,159,96,33812,9125,1003,2710,0,78125
914,156,96,33799,9125,1003,2679,0,78125
916,158,96,33793,9125,1003,2726,0,77625
918,157,96,33805,9140,1004,2691,0,78125
921,164,96,33806,9125,1003,2812,0,78125
923,159,96,33804,9125,1003,2683,0,77625
925,163,96,33807,9140,1004,2718,0,78125
927,157,96,33805,9140,1003,2703,0,78125
930,154,96,33821,9140,1004,2695,0,78125
932,158,96,33825,9140,1004,2738,0,78125
934,159,96,33818,9140,1003,2722,0,78125
936,157,97,33805,9140,1004,2714,0,77625
939,155,97,33809,9140,1003,2683,0,77625
941,152,97,33814,9125,1003,2718,0,77625
943,161,97,33791,9140,1003,2722,0,77625
945,158,97,33789,9125,1003,2761,0,77625
948,159,97,33784,9140,1003,2730,0,78625
950,154,97,33794,9125,1004,2652,0,78125
952,159,97,33804,9140,1003,2726,0,78625
954,159,97,33787,9125,1003,2734,0,77125
957,165,97,33792,9140,1003,2804,0,78125
959,162,97,33793,9125,1003,2730,0,77625
961,156,97,33792,9125,1001,2742,0,78625
963,157,97,33785,9125,1003,2742,0,78625
966,159,97,33784,9125,1001,2753,0,78125
968,157,97,33792,9125,1004,2812,0,79125
970,155,97,33785,9125,1003,2828,0,78125
973,155,97,33788,9140,1003,2691,0,78625
975,159,97,33784,9140,1003,2722,0,78625
977,162,97,33808,9140,1004,2777,0,77625
993,160,98,33777,9125,1003,2746,0,78625
995,157,98,33787,9125,1003,2710,0,78125
997,149,98,33789,9125,1003,2582,0,78125
1000,157,98,33777,9140,1003,2687,0,78125
1002,157,98,33793,9140,1003,2656,0,79125
1004,152,98,33797,9125,1004,2699,0,78625
1006,152,98,33792,9140,1003,2644,0,78625
1009,155,98,33793,9140,1003,2691,0,79125
1015,158,98,33795,9140,1003,2691,0,78625
1018,161,98,33788,9140,1004,2726,0,79125
1020,168,98,33797,9140,1003,2785,0,79125
1022,157,98,33802,9125,1003,2777,0,79625
1025,163,98,33814,9140,1004,2773,0,77625
1027,166,98,33819,9140,1004,2718,0,78125
1029,157,98,33807,9140,1004,2746,0,78625
1031,158,98,33807,9140,1004,2667,0,78625
1034,157,98,33810,9140,1004,2703,0,78125
1036,151,98,33808,9140,1003,2625,0,78625
1038,151,98,33819,9140,1003,2679,0,79125
1040,161,98,33807,9140,1004,2707,0,78625
1047,154,99,33802,9140,1006,2644,0,80125
1049,154,99,33817,9140,1004,2730,0,79125
1052,154,99,33810,9140,1003,2722,0,79625
1054,153,99,33820,9140,1004,2687,0,78125
1056,156,99,33815,9140,1001,2687,0,79125
1058,157,99,33819,9140,1003,2687,0,80125
1061,161,99,33823,9140,1004,2738,0,78625
1063,157,99,33808,9140,1003,2742,0,78125
1065,161,99,33823,9140,1003,2691,0,79625
1067,157,99,33814,9140,1006,2726,0,78625
1070,160,99,33806,9156,1004,2789,0,80125
1072,156,99,33805,9140,1003,2707,0,78625
1074,154,99,33800,9140,1003,2671,0,79625
1077,155,99,33798,9140,1004,2714,0,78625
1079,155,99,33802,9140,1003,2601,0,79125
1081,155,99,33808,9140,1003,2675,0,79625
1083,158,99,33815,9140,1006,2699,0,79125
1086,155,99,33802,9156,1004,2750,0,79625
1088,156,99,33808,9140,1004,2687,0,79125
1090,159,99,33810,9140,1003,2695,0,80125
1092,158,99,33801,9140,1004,2687,0,79125
1095,159,99,33806,9140,1003,2699,0,79625
1097,152,99,33802,9140,1003,2710,0,79625
1099,161,99,33802,9140,1004,2804,0,78125
1101,153,99,33814,9140,1004,2691,0,79625
1104,158,99,33807,9140,1004,2667,0,80125
1106,153,100,33806,9140,1003,2695,0,79125
1108,153,100,33808,9140,1003,2703,0,79625
1110,157,100,33815,9140,1004,2691,0,79125
1113,163,100,33808,9140,1004,2738,0,78625
1115,160,100,33791,9140,1003,2761,0,79125
1117,164,100,33799,9140,1003,2800,0,79625
1119,159,100,33794,9140,1003,2675,0,79125
1122,162,100,33801,9140,1003,2800,0,79125
1124,163,100,33794,9140,1003,2824,0,79625
1126,164,100,33799,9140,1003,2832,0,79125
1129,157,100,33803,9140,1004,2695,0,79125
1131,155,100,33792,9140,1003,2703,0,79625
1133,154,100,33796,9140,1003,2753,0,79625
1135,161,100,33813,9140,1003,2742,0,79125
1138,151,100,33805,9140,1001,2722,0,80125
1140,153,100,33797,9140,1003,2750,0,80625
1142,152,100,33797,9140,1004,2691,0,79625
1144,154,100,33798,9140,1004,2687,0,79125
1147,162,100,33797,9140,1001,2781,0,79125
1149,157,100,33794,9156,1004,2703,0,80625
1151,152,100,33783,9140,1004,2707,0,79625
1153,156,100,33774,9140,1004,2730,0,79625
1156,155,100,33779,9140,1003,2757,0,79625
1158,152,100,33787,9140,1004,2691,0,80125
1160,155,100,33802,9140,1003,2687,0,79125
1162,162,100,33795,9140,1003,2812,0,79625
1165,151,100,33782,9140,1003,2621,0,80625
1167,156,100,33792,9140,1003,2656,0,80625
1169,153,100,33795,9140,1003,2644,0,80625
1171,152,101,33787,9140,1001,2660,0,80125
1174,152,101,33783,9140,1003,2718,0,79625
1176,159,101,33794,9140,1003,2835,0,80625
1178,157,101,33782,9140,1004,2730,0,80125
1181,153,101,33789,9140,1003,2683,0,79625
1183,153,101,33792,9140,1003,2660,0,80625
1185,154,101,33790,9140,1004,2714,0,80625
1187,151,101,33797,9140,1003,2683,0,79125
1190,149,101,33790,9140,1003,2695,0,80125
1192,152,101,33797,9140,1004,2640,0,80625
1194,151,101,33802,9140,1004,2707,0,79625
1196,161,101,33805,9140,1004,2652,0,79625
1199,152,101,33804,9140,1004,2750,0,79625
1201,155,101,33804,9140,1003,2738,0,80125
1203,159,101,33811,9140,1004,2800,0,80125
1205,154,101,33817,9140,1004,2742,0,80125
1212,156,101,33807,9140,1003,2714,0,79625
1214,160,101,33798,9140,1003,2769,0,80125
1217,157,101,33803,9156,1004,2800,0,80625
1219,153,101,33799,9140,1003,2640,0,81125
1221,157,101,33795,9140,1004,2750,0,80125
1223,159,101,33789,9140,1003,2753,0,80125
1226,155,101,33789,9156,1004,2699,0,80625
1228,159,101,33785,9140,1004,2707,0,80125
1230,149,101,33792,9140,1003,2753,0,80625
1233,154,101,33786,9140,1004,2683,0,80625
1235,153,101,33800,9140,1004,2718,0,80125
1237,157,101,33800,9140,1004,2800,0,81625
1239,150,101,33787,9140,1003,2652,0,80125
1242,151,101,33768,9140,1003,2660,0,80625
1244,153,101,33787,9140,1004,2722,0,79625
1246,153,102,33789,9140,1004,2679,0,80125
1248,158,102,33788,9140,1003,2816,0,81625
1251,161,102,33790,9140,1004,2800,0,80125
1253,161,102,33801,9156,1004,2816,0,80625
1255,163,102,33801,9140,1004,2707,0,80125
1257,160,102,33814,9140,1004,2843,0,79625
1260,159,102,33803,9140,1003,2710,0,80125
1262,155,102,33812,9140,1003,2722,0,80625
1264,152,102,33821,9156,1003,2738,0,79625
1266,153,102,33814,9140,1004,2691,0,81125
1273,158,102,33801,9140,1004,2753,0,80125
1275,162,102,33804,9140,1004,2847,0,81125
1278,161,102,33792,9140,1004,2777,0,80625
1280,154,102,33795,9140,1004,2699,0,81125
1282,156,102,33793,9140,1004,2703,0,80625
1285,160,102,33793,9156,1004,2730,0,81125
1287,153,102,33797,9140,1004,2687,0,80625
1289,156,102,33783,9140,1004,2738,0,80125
1291,159,102,33784,9140,1003,2781,0,81625
1294,150,102,33786,9140,1004,2617,0,80625
1296,153,102,33791,9140,1004,2699,0,80625
1298,164,102,33779,9140,1003,2808,0,80625
1305,154,102,33805,9156,1003,2722,0,80625
1307,159,102,33801,9140,1004,2773,0,81125
1309,152,102,33796,9140,1003,2726,0,80625
1312,158,102,33792,9140,1004,2679,0,80625
1314,153,102,33788,9140,1004,2703,0,81125
1316,157,102,33792,9140,1004,2687,0,78625
1318,154,102,33789,9140,1003,2699,0,81125
1321,156,102,33778,9140,1003,2718,0,81125
1323,152,102,33771,9140,1006,2675,0,81625
1325,160,102,33775,9140,1003,2769,0,81125
1327,143,102,33784,9140,1003,2625,0,81125
1330,163,103,33784,9140,1004,2835,0,81625
1332,156,103,33781,9140,1003,2828,0,81125
1334,162,103,33780,9140,1004,2789,0,81125
1336,151,103,33774,9140,1004,2710,0,81625
1339,155,103,33780,9140,1003,2761,0,81125
1341,163,103,33774,9140,1003,2859,0,81125
1343,154,103,33769,9140,1001,2757,0,82125
1346,155,103,33765,9140,1004,2785,0,81125
1348,156,103,33759,9140,1004,2789,0,82125
1350,156,103,33764,9140,1004,2722,0,81125
1357,157,103,33769,9140,1003,2800,0,80625
1364,157,103,33748,9140,1001,2824,0,81625
1366,161,103,33743,9140,1003,2796,0,82125
1368,150,103,33755,9140,1003,2699,0,81125
1370,161,103,33760,9140,1003,2824,0,81625
1373,156,103,33771,9140,1003,2800,0,81125
1375,159,103,33760,9140,1001,2843,0,81125
1377,158,103,33761,9140,1003,2789,0,81125
1379,160,103,33771,9140,1004,2832,0,81625
1382,156,103,33762,9156,1003,2761,0,81125
1384,157,103,33760,9140,1003,2839,0,80625
1386,162,103,33764,9140,1004,2910,0,81625
1388,163,103,33766,9140,1003,2800,0,80625
1391,158,103,33764,9156,1003,2828,0,81625
1393,163,103,33773,9140,1004,2843,0,81625
1395,156,103,33761,9140,1004,2769,0,81625
1398,162,103,33773,9156,1004,2867,0,82125
1400,154,103,33773,9140,1004,2714,0,81125
1402,152,103,33782,9156,1003,2750,0,81625
1404,158,103,33787,9140,1004,2847,0,81125
1407,157,103,33782,9156,1006,2792,0,82125
1409,158,103,33789,9140,1004,2769,0,82125
1411,159,103,33774,9140,1003,2863,0,80625
1413,158,103,33785,9156,1004,2859,0,82125
1416,159,103,33779,9140,1004,2914,0,81625
1418,158,103,33779,9140,1004,2816,0,81625
1420,159,103,33782,9156,1004,2812,0,82125
1422,158,104,33785,9156,1003,2816,0,81625
1425,161,104,33793,9156,1003,2808,0,81625
1427,156,104,33788,9156,1004,2812,0,81125
1429,156,104,33794,9156,1004,2816,0,81625
1431,158,104,33797,9156,1003,2871,0,82125
1434,162,104,33782,9156,1004,2824,0,81625
1440,153,104,33789,9156,1004,2808,0,81625
1443,155,104,33793,9156,1003,2812,0,81625
1445,159,104,33780,9156,1004,2792,0,81625
1447,156,104,33778,9156,1003,2808,0,82625
1450,159,104,33780,9156,1004,2792,0,81625
1452,160,104,33790,9140,1004,2812,0,82125
1454,160,104,33782,9156,1003,2742,0,82125
1456,156,104,33778,9156,1003,2816,0,81625
1459,156,104,33773,9156,1006,2812,0,82125
1461,155,104,33790,9156,1004,2722,0,81625
1463,162,104,33791,9140,1004,2800,0,81125
1465,156,104,33785,9156,1003,2812,0,82125
1468,158,104,33786,9156,1003,2808,0,81625
1470,153,104,33778,9140,1004,2742,0,82125
1472,160,104,33776,9140,1003,2722,0,81125
1474,151,104,33780,9156,1003,2730,0,82125
1477,157,104,33774,9156,1003,2808,0,82125
1479,158,104,33777,9156,1006,2816,0,82125
1481,157,104,33771,9140,1003,2820,0,82125
1483,163,104,33766,9156,1003,2761,0,82125
1486,160,104,33766,9140,1003,2816,0,82125
1488,161,104,33776,9156,1004,2792,0,82625
1490,161,104,33776,9156,1006,2847,0,82125
1492,154,104,33775,9156,1004,2777,0,81625
1495,157,104,33771,9140,1003,2750,0,82125
1497,157,104,33766,9156,1004,2765,0,83625
1499,161,104,33759,9140,1003,2820,0,81625
1502,153,104,33752,9140,1004,2808,0,82125
1504,157,104,33767,9156,1004,2808,0,82125
1506,152,104,33782,9156,1004,2628,0,81625
1508,157,104,33777,9156,1004,2839,0,82125
1511,155,104,33792,9156,1003,2824,0,82125
1513,158,104,33789,9156,1004,2835,0,82125
1515,151,104,33779,9156,1003,2695,0,82125
1517,159,104,33790,9156,1004,2835,0,82625
1520,159,104,33783,9156,1004,2757,0,81625
1522,152,104,33784,9156,1004,2769,0,83125
1524,160,105,33783,9156,1004,2816,0,81625
1526,156,105,33777,9156,1003,2820,0,82625
1529,160,105,33789,9156,1004,2753,0,81625
1531,160,105,33790,9156,1004,2769,0,82625
1533,158,105,33782,9156,1003,2828,0,82125
1535,170,105,33780,9156,1004,2914,0,82125
1538,156,105,33789,9156,1004,2812,0,81625
1540,159,105,33768,9156,1004,2816,0,82125
1547,161,105,33779,9156,1004,2824,0,82125
1549,157,105,33781,9140,1004,2816,0,82125
1551,158,105,33773,9140,1004,2804,0,82125
1554,157,105,33783,9156,1003,2812,0,82125
1556,162,105,33780,9156,1003,2816,0,82125
1558,167,105,33769,9156,1006,2914,0,83125
1560,152,105,33763,9156,1004,2750,0,82625
1563,158,105,33774,9156,1004,2832,0,83125
1565,160,105,33780,9156,1004,2871,0,81625
1567,159,105,33773,9156,1004,2820,0,83125
1569,156,105,33786,9156,1004,2761,0,82625
1572,156,105,33777,9156,1003,2824,0,82625
1574,159,105,33777,9156,1004,2781,0,82125
1576,160,105,33776,9156,1003,2839,0,82625
1578,160,105,33773,9140,1003,2824,0,82125
1581,155,105,33771,9156,1004,2792,0,83625
1583,160,105,33769,9156,1004,2917,0,82625
1585,163,105,33760,9140,1003,2789,0,82625
1587,160,105,33756,9140,1004,2796,0,82125
1590,157,105,33758,9156,1004,2777,0,82125
1592,164,105,33767,9156,1004,2808,0,84125
1594,158,105,33764,9140,1001,2824,0,82625
1596,158,105,33755,9156,1003,2828,0,81625
1599,156,105,33763,9156,1003,2832,0,82125
1601,157,105,33764,9156,1004,2789,0,82125
1603,153,105,33762,9156,1003,2808,0,82625
1606,156,105,33748,9156,1004,2792,0,83125
1612,157,105,33760,9140,1003,2808,0,83125
1615,152,105,33754,9156,1003,2781,0,82625
1617,157,105,33757,9156,1004,2800,0,83625
1619,157,105,33755,9156,1003,2792,0,82125
1621,161,105,33764,9156,1004,2906,0,82125
1624,159,105,33768,9156,1004,2816,0,82125
1630,162,106,33758,9156,1004,2964,0,82125
1637,164,106,33762,9156,1003,2890,0,82625
1639,164,106,33757,9156,1004,2917,0,83125
1642,157,106,33764,9156,1003,2804,0,83125
1644,159,106,33759,9156,1003,2808,0,83625
1646,163,106,33755,9156,1003,2878,0,83125
1648,162,106,33753,9156,1004,2839,0,84125
1651,159,106,33755,9156,1003,2835,0,83125
1653,164,106,33745,9156,1004,2929,0,82625
1655,162,106,33766,9156,1004,2890,0,82625
1658,161,106,33765,9156,1004,2949,0,82125
1660,158,106,33768,9156,1003,2925,0,82625
1662,162,106,33763,9171,1006,2921,0,83125
1664,163,106,33766,9156,1004,2921,0,82625
1667,159,106,33767,9156,1004,2898,0,82625
1669,163,106,33754,9156,1003,2917,0,83125
1671,163,106,33754,9156,1004,2929,0,82625
1673,162,106,33754,9156,1004,2855,0,83625
1676,168,106,33764,9156,1004,2964,0,82125
1678,162,106,33758,9156,1003,2980,0,82625
1680,160,106,33759,9156,1004,2847,0,83125
1682,163,106,33756,9156,1004,2882,0,82625
1685,159,106,33755,9156,1003,2839,0,82625
1687,164,106,33762,9156,1004,2925,0,82625
1689,157,106,33748,9156,1003,2863,0,82125
1691,162,106,33763,9156,1006,2937,0,82625
1694,168,106,33746,9156,1003,2968,0,84125
1696,166,106,33745,9156,1004,2941,0,82625
1698,160,106,33746,9156,1003,2898,0,83125
1700,162,106,33744,9156,1003,2910,0,83625
1703,164,106,33736,9156,1003,2863,0,82625
1710,165,106,33752,9156,1001,2957,0,84125
1712,162,106,33759,9156,1004,2917,0,82625
1714,160,106,33759,9156,1003,2906,0,83625
1716,156,106,33749,9156,1003,2863,0,82125
1719,161,106,33753,9156,1003,2894,0,82625
1721,159,106,33743,9156,1006,2878,0,83125
1723,162,106,33743,9156,1004,2933,0,82125
1725,161,106,33745,9156,1003,2925,0,83625
1728,159,106,33732,9156,1003,2863,0,83125
1730,160,106,33739,9156,1004,2906,0,83125
1732,159,106,33741,9156,1003,2800,0,83625
1734,169,106,33755,9156,1004,2937,0,82125
1737,161,106,33738,9156,1004,2886,0,83125
1739,158,106,33738,9140,1003,2800,0,82125
1741,160,106,33741,9140,1003,2878,0,82625
1743,160,106,33745,9156,1004,2941,0,82625
1746,167,106,33761,9156,1004,2980,0,83125
1748,158,106,33742,9140,1003,2925,0,83625
1750,166,106,33745,9156,1003,2941,0,82625
1752,168,106,33754,9156,1006,3058,0,83125
1755,159,106,33745,9156,1004,2949,0,83625
1757,166,106,33735,9156,1004,2972,0,83125
1759,165,106,33739,9156,1003,2882,0,84125
1762,161,106,33727,9156,1004,2929,0,82625
1764,167,106,33736,9156,1004,3011,0,83625
1766,169,106,33732,9156,1003,3070,0,83625
1768,164,106,33735,9156,1003,2945,0,83625
1771,161,106,33735,9156,1004,2929,0,84125
1773,155,106,33731,9156,1003,2851,0,83125
1775,163,106,33733,9140,1003,2910,0,83625
1777,153,106,33736,9140,1003,2824,0,84125
1780,164,106,33724,9156,1004,2914,0,83125
1782,166,106,33730,9156,1003,2925,0,83125
1784,165,106,33750,9156,1003,2937,0,83125
1786,164,106,33749,9156,1004,2937,0,83625
1789,163,106,33743,9156,1006,2937,0,83625
1791,164,107,33745,9156,1003,2937,0,83125
1793,169,107,33743,9156,1004,2996,0,84125
1795,162,107,33739,9156,1004,2871,0,83625
1802,163,107,33751,9156,1003,2925,0,83625
1804,164,107,33728,9140,1001,2925,0,83125
1807,164,107,33731,9156,1004,2937,0,83625
1809,167,107,33740,9156,1004,2992,0,82625
1811,164,107,33741,9156,1003,2960,0,83125
1814,155,107,33743,9156,1004,2882,0,84125
1816,160,107,33749,9156,1004,2921,0,82125
1818,166,107,33764,9171,1004,2925,0,83625
1820,161,107,33752,9156,1004,2937,0,82625
1823,160,107,33755,9156,1003,2808,0,84125
1825,161,107,33767,9156,1003,2917,0,83625
1827,162,107,33768,9171,1004,2820,0,83625
1829,163,107,33766,9156,1004,2875,0,82625
1832,162,107,33750,9156,1004,2890,0,84625
1834,161,107,33747,9156,1004,2933,0,83625
1836,163,107,33752,9156,1004,2937,0,83625
1838,160,107,33767,9156,1004,2871,0,83125
1841,164,107,33767,9156,1004,2945,0,83625
1843,161,107,33749,9156,1004,3007,0,83625
1845,164,107,33756,9156,1004,2937,0,83625
1847,165,107,33763,9171,1004,2945,0,83625
1850,169,107,33765,9156,1004,2941,0,82625
1852,165,107,33765,9171,1004,2941,0,83125
1854,162,107,33770,9156,1004,2917,0,83125
1856,165,107,33757,9156,1003,2945,0,84125
1859,158,107,33751,9156,1004,2933,0,84125
1861,157,107,33744,9156,1004,2828,0,83125
1868,158,107,33745,9156,1003,2894,0,83625
1870,166,107,33756,9156,1006,2898,0,84125
1872,160,107,33765,9171,1004,2812,0,83625
1875,161,107,33750,9156,1003,2808,0,84125
1877,163,107,33755,9156,1004,2949,0,84125
1879,164,107,33748,9171,1004,2871,0,83625
1881,165,107,33743,9156,1003,2925,0,83125
1884,166,107,33743,9156,1006,3023,0,83625
1886,161,107,33742,9156,1003,2824,0,84125
1888,162,107,33738,9156,1004,2859,0,84625
1890,160,107,33750,9156,1004,2941,0,83625
1893,161,107,33755,9156,1003,2925,0,83625
1895,167,107,33749,9156,1003,3027,0,83125
1897,166,107,33749,9156,1003,2988,0,84125
1899,162,107,33754,9156,1004,2929,0,84125
1902,159,107,33753,9156,1003,2917,0,82625
1904,162,107,33752,9171,1004,3015,0,83625
1906,162,107,33748,9156,1003,2925,0,84125
1908,154,107,33756,9156,1004,2777,0,83625
1911,163,107,33754,9156,1004,2906,0,83625
1913,156,107,33753,9156,1004,2886,0,83625
1915,163,107,33752,9156,1003,2929,0,83625
1917,158,107,33760,9171,1004,2937,0,84125
1920,165,107,33763,9171,1004,2914,0,84125
1922,164,107,33763,9156,1004,2937,0,83625
1924,160,107,33769,9171,1003,2921,0,83625
1927,166,107,33765,9156,1004,2929,0,84125
1929,165,107,33767,9156,1004,2933,0,83625
1931,167,107,33763,9171,1006,2964,0,84125
1933,157,107,33760,9171,1004,2906,0,84625
1936,164,107,33759,9156,1004,2925,0,83625
1938,159,107,33767,9171,1003,2808,0,83625
1940,158,107,33769,9171,1004,2859,0,83125
1942,162,107,33771,9156,1004,2957,0,84125
1945,166,107,33771,9171,1004,2875,0,85125
1947,160,108,33776,9171,1003,2851,0,84125
1949,166,108,33764,9171,1006,2968,0,83625
1951,160,107,33775,9156,1003,2894,0,84625
1954,160,108,33783,9171,1004,2828,0,84125
1956,166,108,33772,9171,1004,2875,0,83625
1958,163,108,33776,9171,1004,2941,0,83625
1960,167,108,33773,9156,1006,2933,0,83125
1963,163,108,33771,9171,1006,2945,0,83125
1965,164,108,33770,9171,1006,2910,0,84125
1967,158,108,33773,9156,1004,2820,0,82625
1969,160,108,33770,9171,1004,2863,0,85125
1972,158,108,33776,9171,1004,2890,0,86000
1974,160,108,33769,9171,1004,2832,0,84125
1976,160,108,33783,9171,1004,2910,0,83625
1979,155,108,33770,9156,1004,2863,0,84125
1981,166,108,33767,9156,1004,2906,0,84625
1983,163,108,33770,9171,1006,2914,0,83125
1985,163,108,33771,9171,1004,2914,0,84125
1988,159,108,33772,9156,1003,2843,0,84625
1990,162,108,33766,9156,1004,2945,0,83625
1992,167,108,33753,9156,1003,2937,0,83125
1994,167,108,33768,9171,1004,3007,0,83125
1997,164,108,33766,9171,1003,2941,0,84625
1999,159,108,33761,9156,1003,2910,0,84625
2001,162,108,33765,9156,1004,2933,0,83625
2003,163,108,33751,9156,1004,2910,0,84125
2006,161,108,33743,9156,1004,2816,0,83625
2008,162,108,33742,9156,1003,2898,0,83625
2010,167,108,33744,9156,1004,2832,0,82125
2012,154,108,33752,9171,1004,2902,0,83625
2015,166,108,33753,9156,1004,2984,0,84625
2017,162,108,33758,9156,1003,2933,0,83125
2019,163,108,33750,9171,1004,2914,0,84125
2021,161,108,33749,9156,1003,2886,0,83625
2024,156,108,33752,9171,1004,2855,0,84125
2031,164,108,33750,9156,1004,2937,0,84625
2033,163,108,33751,9156,1003,2953,0,84125
2035,165,108,33745,9156,1003,2933,0,83625
2037,163,108,33750,9156,1003,2929,0,84625
2040,157,108,33753,9156,1003,2886,0,83625
2042,160,108,33752,9156,1003,2917,0,83625
2044,158,108,33763,9171,1004,2882,0,84125
2046,158,108,33770,9171,1004,2886,0,83625
2049,170,108,33768,9171,1004,3011,0,84125
2051,163,108,33752,9171,1004,2886,0,84125
2053,160,108,33751,9171,1004,2921,0,84625
2055,157,108,33754,9156,1004,2843,0,83625
2058,160,108,33754,9156,1004,2839,0,84125
2060,160,108,33757,9156,1004,2929,0,84125
2062,161,108,33757,9171,1004,2980,0,84125
2064,159,108,33758,9171,1004,2953,0,84625
2067,157,108,33767,9156,1004,2898,0,84625
2069,158,108,33761,9156,1003,2890,0,84125
2071,165,108,33752,9171,1004,2945,0,82625
2073,162,108,33759,9171,1006,2925,0,84625
2076,171,108,33766,9171,1003,3054,0,84125
2078,164,108,33758,9171,1003,2988,0,84625
2080,159,108,33763,9156,1003,2921,0,84125
2083,166,108,33753,9156,1003,2890,0,83625
2085,161,108,33755,9156,1003,2921,0,84625
2087,161,108,33766,9156,1004,2843,0,84625
2089,161,108,33760,9171,1003,2867,0,84125
2092,161,108,33762,9171,1004,2875,0,85125
2094,163,108,33753,9156,1004,2980,0,83625
2096,156,108,33763,9156,1004,2832,0,84625
2098,158,108,33749,9156,1003,2925,0,83125
2101,165,108,33740,9156,1003,2917,0,84125
2103,164,108,33748,9156,1004,2941,0,84625
2105,161,108,33729,9156,1004,2921,0,83625
2107,161,108,33727,9156,1004,2914,0,84625
2110,159,108,33725,9171,1003,2808,0,83625
2112,165,108,33748,9156,1003,2910,0,84125
2114,162,108,33756,9156,1003,2867,0,84625
2116,164,108,33741,9156,1003,2914,0,84125
2119,161,108,33740,9156,1003,2890,0,84125
2121,161,108,33746,9156,1003,2925,0,82625
2123,161,108,33759,9171,1004,2839,0,83625
2125,165,108,33755,9156,1004,2925,0,84625
2128,160,108,33749,9156,1003,2898,0,83625
2130,165,108,33755,9156,1004,2867,0,84125
2132,165,108,33751,9156,1003,2906,0,84125
2139,160,108,33740,9156,1004,2828,0,83625
2141,162,108,33746,9156,1004,2859,0,84125
2144,164,108,33745,9156,1004,2816,0,85125
2146,169,108,33753,9156,1003,3039,0,83625
2148,168,108,33745,9156,1003,3019,0,84625
2150,163,108,33746,9171,1004,2925,0,85125
2153,164,108,33753,9156,1003,2917,0,83125
2155,159,108,33752,9171,1004,2882,0,84625
2157,158,108,33738,9156,1003,2859,0,84125
2164,165,108,33740,9171,1004,2945,0,84125
2166,162,108,33741,9171,1004,2917,0,84125
2168,162,108,33742,9156,1004,2875,0,84125
2171,162,108,33747,9171,1004,2890,0,85625
2173,157,108,33746,9156,1003,2890,0,84625
2175,162,109,33750,9156,1004,2800,0,83625
2177,159,109,33748,9156,1006,2882,0,84125
2180,160,109,33763,9171,1004,2871,0,85125
2182,166,109,33747,9156,1006,2921,0,84125
2184,159,109,33750,9171,1004,2824,0,84625
2187,164,109,33765,9171,1004,3003,0,84125
2189,174,109,33770,9171,1004,2996,0,83625
2191,163,109,33769,9156,1004,2933,0,84125
2193,159,109,33750,9156,1003,2914,0,83625
2196,165,109,33746,9171,1003,2988,0,83625
2198,157,109,33760,9171,1004,2898,0,83625
2200,159,109,33768,9171,1004,2937,0,84125
2202,165,109,33751,9156,1004,2929,0,84125
2205,163,109,33755,9171,1004,2984,0,84625
2207,162,109,33757,9156,1004,2843,0,84125
2214,166,109,33766,9171,1003,3011,0,84125
2216,158,109,33754,9156,1003,2937,0,84625
2223,161,109,33756,9171,1004,2945,0,84625
2225,164,109,33748,9156,1004,2949,0,85125
2227,169,109,33759,9156,1004,3042,0,84625
2229,162,109,33753,9156,1004,2937,0,84125
2232,164,109,33754,9156,1004,2937,0,84125
2234,162,109,33752,9171,1003,3003,0,84125
2236,167,109,33766,9171,1003,2957,0,84625
2238,165,109,33755,9171,1004,2933,0,85125
2241,162,109,33748,9171,1004,2933,0,84625
2243,167,109,33755,9171,1004,2972,0,83625
2245,160,109,33752,9171,1006,2875,0,84625
2248,163,109,33739,9156,1004,2925,0,84125
2250,162,109,33743,9156,1004,2929,0,84625
2252,164,109,33749,9171,1004,2925,0,84625
2254,162,109,33740,9171,1003,2886,0,84125
2257,158,109,33749,9171,1004,2875,0,83625
2259,164,109,33740,9171,1004,2980,0,84625
2261,161,109,33750,9171,1004,2941,0,84625
2263,162,109,33754,9171,1004,2945,0,84125
2266,162,109,33755,9156,1004,2925,0,85125
2268,159,109,33746,9171,1004,2933,0,83625
2270,160,109,33751,9171,1004,2933,0,84625
2272,156,109,33753,9156,1006,2917,0,84625
2275,163,109,33747,9171,1003,2902,0,85125
2277,165,109,33735,9156,1003,3015,0,84625
2279,163,109,33743,9156,1004,2878,0,85125
2281,160,109,33724,9156,1004,2851,0,85125
2284,164,109,33736,9156,1003,2960,0,84125
2286,162,109,33741,9171,1003,2925,0,84625
2288,163,109,33759,9171,1004,2933,0,84125
2290,162,109,33748,9156,1006,2914,0,84125
2293,168,109,33747,9171,1004,2914,0,85125
2295,160,109,33743,9156,1003,2906,0,84125
2297,167,109,33749,9171,1004,2968,0,85625
2300,162,109,33757,9156,1003,2964,0,84125
2302,161,109,33753,9156,1003,2929,0,85125
2304,164,109,33746,9156,1003,2941,0,84125
2306,165,109,33743,9171,1004,2925,0,84625
2309,164,109,33754,9171,1003,2968,0,84125
2311,165,109,33755,9156,1004,2941,0,85125
2313,165,109,33734,9156,1003,2925,0,84625
2315,162,109,33742,9156,1004,2894,0,85125
2318,160,109,33743,9156,1003,2917,0,84625
2320,160,109,33733,9156,1003,2878,0,84125
