elapsed sec.,power,temp. sensor,tmu avg
0,0,107,33876
2029,0,55,34183
2031,0,56,34184
2033,0,56,34187
2035,0,56,34177
2038,0,56,34174
2040,0,56,34175
2042,0,56,34171
2044,0,57,34169
2046,0,57,34174
2049,0,57,34167
2051,0,57,34169
2053,0,57,34183
2055,0,57,34191
2058,0,57,34192
2060,0,58,34181
2062,0,58,34176
2064,0,58,34185
2066,0,58,34186
2069,0,58,34175
2071,0,58,34173
2073,0,58,34179
2075,0,58,34182
2078,0,59,34176
2080,0,59,34163
2082,0,59,34159
2084,0,59,34164
2086,0,59,34165
2089,0,59,34165
2091,0,59,34170
2093,0,59,34176
2095,0,60,34180
2098,0,60,34176
2100,0,60,34175
2102,0,60,34176
2104,0,60,34169
2107,0,60,34167
2109,0,60,34172
2111,0,60,34177
2113,0,61,34176
2115,0,61,34180
2118,0,61,34181
2120,0,61,34179
2122,0,61,34188
2124,0,61,34187
2127,0,61,34185
2129,0,61,34184
2131,0,61,34171
2133,0,61,34174
2135,0,62,34188
2138,0,62,34190
2140,0,62,34182
2142,0,62,34178
2144,0,62,34174
2147,0,62,34174
2149,0,62,34171
2151,0,62,34170
2153,0,63,34170
2155,0,63,34161
2158,0,63,34160
2160,0,63,34160
2162,0,63,34166
2164,0,63,34175
2166,0,63,34170
2169,0,63,34170
2171,0,63,34177
2173,0,63,34175
2175,0,64,34165
2178,0,64,34161
2180,0,64,34161
2182,0,64,34154
2184,0,64,34154
2187,0,64,34159
2189,0,64,34145
2191,0,64,34132
2193,0,64,34138
2195,0,65,34141
2198,0,65,34132
2200,0,65,34129
2202,0,65,34128
2204,0,65,34124
2207,0,65,34134
2209,0,65,34147
2211,0,65,34157
2213,0,65,34164
2215,0,65,34159
2218,0,66,34157
2220,0,66,34159
2222,0,66,34160
2224,0,66,34165
2227,0,66,34167
2229,0,66,34171
2231,0,66,34171
2233,0,66,34166
2235,0,66,34156
2238,0,66,34138
2240,0,67,34133
2242,0,67,34143
2244,0,67,34144
2247,0,67,34139
2249,0,67,34145
2251,0,67,34153
2253,0,67,34155
2255,0,67,34151
2258,0,67,34146
2260,0,68,34145
2262,0,68,34147
2264,0,68,34156
2267,0,68,34161
2269,0,68,34157
2271,0,68,34155
2273,0,68,34155
2275,0,68,34148
2278,0,68,34132
2280,0,68,34122
2282,0,68,34126
2284,0,69,34136
2287,0,69,34132
2289,0,69,34130
2291,0,69,34141
2293,0,69,34144
2295,0,69,34141
2298,0,69,34151
2300,0,69,34161
2302,0,69,34150
2304,0,69,34140
2307,0,70,34138
2309,0,70,34142
2311,0,70,34144
2313,0,70,34139
2315,0,70,34129
2318,0,70,34123
2320,0,70,34127
2322,0,70,34131
2324,0,70,34135
2327,0,70,34134
2329,0,70,34133
2331,0,71,34133
2333,0,71,34137
2335,0,71,34132
2338,0,71,34123
2340,0,71,34125
2342,0,71,34128
2344,0,71,34130
2347,0,71,34128
2349,0,71,34119
2351,0,71,34111
2353,0,72,34113
2355,0,72,34109
2358,0,72,34107
2360,0,72,34116
2362,0,72,34119
2364,0,72,34119
2367,0,72,34114
2369,0,72,34117
2371,0,72,34125
2373,0,72,34128
2375,0,72,34125
2378,0,73,34110
2380,0,73,34109
2382,0,73,34109
2384,0,73,34103
2387,0,73,34112
2389,0,73,34113
2391,0,73,34113
2393,0,73,34114
2395,0,73,34115
2398,0,73,34117
2400,0,73,34113
2402,0,74,34112
2404,0,74,34112
2407,0,74,34101
2409,0,74,34089
2411,0,74,34081
2413,0,74,34083
2415,0,74,34090
2418,0,74,34084
2420,0,74,34079
2422,0,74,34082
2424,0,74,34091
2427,0,74,34094
2429,0,75,34085
2431,0,75,34079
2433,0,75,34090
2435,0,75,34098
2438,0,75,34102
2440,0,75,34096
2442,0,75,34081
2444,0,75,34079
2447,0,75,34089
2449,0,75,34090
2451,0,75,34093
2453,0,76,34093
2455,0,76,34088
2458,0,76,34089
2460,0,76,34081
2462,0,76,34080
2464,0,76,34078
2467,0,76,34075
2469,0,76,34072
2471,0,76,34067
2473,0,76,34076
2475,0,76,34090
2478,0,76,34090
2480,0,76,34072
2482,0,76,34073
2484,0,77,34081
2487,0,77,34082
2489,0,77,34086
2491,0,77,34082
2493,0,77,34076
2495,0,77,34071
2498,0,77,34062
2500,0,77,34055
2502,0,77,34051
2504,0,77,34056
2507,0,77,34067
2509,0,78,34068
2511,0,78,34069
2513,0,78,34068
2515,0,78,34061
2518,0,78,34063
2520,0,78,34059
2522,0,78,34051
2524,0,78,34055
2527,0,78,34055
2529,0,78,34054
2531,0,78,34062
2533,0,78,34065
2535,0,79,34058
2538,0,79,34061
2540,0,79,34065
2542,0,79,34064
2544,0,79,34066
2547,0,79,34067
2549,0,79,34075
2551,0,79,34078
2553,0,79,34072
2555,0,79,34059
2558,0,79,34054
2560,0,79,34046
2562,0,79,34031
2564,0,80,34038
2567,0,80,34050
2569,0,80,34050
2571,0,80,34044
2573,0,80,34040
2575,0,80,34043
2578,0,80,34043
2580,0,80,34040
2582,0,80,34049
2584,0,80,34060
2587,0,80,34057
2589,0,80,34055
2591,0,80,34052
2593,0,80,34043
2595,0,81,34052
2598,0,81,34066
2600,0,81,34062
2602,0,81,34058
2604,0,81,34060
2607,0,81,34054
2609,0,81,34048
2611,0,81,34051
2613,0,81,34055
2615,0,81,34049
2618,0,81,34049
2620,0,81,34057
2622,0,81,34048
2624,0,82,34043
2627,0,82,34042
2629,0,82,34041
2631,0,82,34041
2633,0,82,34034
2635,0,82,34030
2638,0,82,34024
2640,0,82,34020
2642,0,82,34026
2644,0,82,34027
2647,0,82,34019
2649,0,82,34018
2651,0,82,34030
2653,0,82,34032
2655,0,82,34015
2658,0,83,34011
2660,0,83,34011
2662,0,83,34009
2664,0,83,34007
2667,0,83,34001
2669,0,83,34009
2671,0,83,34012
2673,0,83,34008
2675,0,83,34008
2678,0,83,34008
2680,0,83,34013
2682,0,83,34016
2684,0,83,34013
2687,0,83,34006
2689,0,83,34005
2691,0,83,34005
2693,0,84,34003
2695,0,84,34017
2698,0,84,34018
2700,0,84,34012
2702,0,84,34020
2704,0,84,34020
2707,0,84,34009
2709,0,84,34005
2711,0,84,34000
2713,0,84,34000
2715,0,84,34006
2718,0,84,34010
2720,0,84,34009
2722,0,84,33995
2724,0,84,33991
2727,0,84,33996
2729,0,84,34001
2731,0,84,34012
2733,0,84,34012
2735,0,85,34002
2738,0,85,34005
2740,0,85,34004
2742,0,85,33994
2744,0,85,33989
2747,0,85,33982
2749,0,85,33982
2751,0,85,33990
2753,0,85,33989
2755,0,85,33988
2758,0,85,33995
2760,0,85,33994
2762,0,85,33986
2764,0,85,33989
2767,0,86,34004
2769,0,86,34017
2771,0,86,34018
2773,0,86,34005
2775,0,86,33994
2778,0,86,33997
2780,0,86,33997
2782,0,86,33998
2784,0,86,33997
2787,0,86,33996
2789,0,86,34002
2791,0,86,34001
2793,0,86,33999
2795,0,87,34002
2798,0,87,34012
2800,0,87,34013
2802,0,87,34005
2804,0,87,34002
2807,0,87,33997
2809,0,87,33992
2811,0,87,33990
2813,0,87,33996
2815,0,87,34006
2818,0,87,34007
2820,0,87,34000
2822,0,87,34001
2824,0,87,34005
2827,0,87,34003
2829,0,87,34005
2831,0,87,34006
2833,0,88,34003
2835,0,88,33997
2838,0,88,34000
2840,0,88,34008
2842,0,88,34006
2844,0,88,34007
2847,0,88,34017
2849,0,88,34011
2851,0,88,33998
2853,0,88,33997
2855,0,88,33989
2858,0,88,33981
2860,0,88,33983
2862,0,88,33986
2864,0,88,33984
2867,0,88,33982
2869,0,88,33982
2871,0,88,33981
2873,0,88,33982
2876,0,88,33980
2878,0,89,33974
2880,0,89,33970
2882,0,89,33971
2884,0,89,33972
2887,0,89,33971
2889,0,89,33968
2891,0,89,33972
2893,0,89,33969
2896,0,89,33968
2898,0,89,33966
2900,0,89,33968
2902,0,89,33970
2904,0,89,33967
2907,0,89,33965
2909,0,89,33967
2911,0,89,33975
2913,0,89,33972
2916,0,89,33983
2918,0,89,33997
2920,0,89,33991
2922,0,89,33985
2924,0,90,33984
2927,0,90,33983
2929,0,90,33980
2931,0,90,33976
2933,0,90,33975
2935,0,90,33978
2938,0,90,33987
2940,0,90,33991
2942,0,90,33990
2944,0,90,33986
2947,0,90,33983
2949,0,90,33984
2951,0,90,33980
2953,0,90,33974
2956,0,90,33975
2958,0,90,33979
2960,0,90,33978
2962,0,90,33974
2964,0,90,33971
2967,0,90,33973
2969,0,90,33975
2971,0,90,33965
2973,0,90,33963
2976,0,91,33962
2978,0,91,33962
2980,0,91,33970
2982,0,91,33968
2984,0,91,33967
2987,0,91,33975
2989,0,91,33977
2991,0,91,33970
2993,0,91,33962
2996,0,91,33961
2998,0,91,33969
3000,0,91,33970
3002,0,91,33956
3004,0,91,33947
3007,0,91,33947
3009,0,91,33940
3011,0,91,33936
3013,0,91,33937
3016,0,91,33940
3018,0,92,33950
3020,0,92,33953
3022,0,92,33948
3024,0,92,33946
3027,0,92,33951
3029,0,92,33948
3031,0,92,33933
3033,0,92,33935
3036,0,92,33947
3038,0,92,33949
3040,0,92,33945
3042,0,92,33943
3044,0,92,33948
3047,0,92,33946
3049,0,92,33950
3051,0,92,33954
3053,0,92,33954
3056,0,92,33962
3058,0,92,33956
3060,0,92,33944
3062,0,92,33949
3064,0,92,33950
3067,0,92,33944
3069,0,92,33939
3071,0,92,33935
3073,0,93,33937
3076,0,93,33941
3078,0,93,33938
3080,0,93,33931
3082,0,93,33934
3084,0,93,33947
3087,0,93,33953
3089,0,93,33954
3091,0,93,33953
3093,0,93,33949
3096,0,93,33946
3098,0,93,33943
3100,0,93,33943
3102,0,93,33945
3104,0,93,33954
3107,0,93,33952
3109,0,93,33939
3111,0,93,33936
3113,0,93,33932
3116,0,93,33935
3118,0,93,33944
3120,0,93,33942
3122,0,93,33940
3124,0,93,33948
3127,0,93,33942
3129,0,94,33930
3131,0,94,33927
3133,0,94,33928
3136,0,94,33931
3138,0,94,33933
3140,0,94,33936
3142,0,94,33937
3144,0,94,33931
3147,0,94,33927
3149,0,94,33928
3151,0,94,33931
3153,0,94,33931
3156,0,94,33924
3158,0,94,33922
3160,0,94,33928
3162,0,94,33934
3164,0,94,33933
3167,0,94,33929
3169,0,94,33931
3171,0,94,33936
3173,0,94,33936
3176,0,94,33930
3178,0,94,33920
3180,0,94,33912
3182,0,94,33910
3184,0,94,33916
3187,0,94,33916
3189,0,94,33912
3191,0,94,33915
3193,0,94,33910
3196,0,94,33902
3198,0,95,33908
3200,0,95,33910
3202,0,95,33916
3204,0,95,33919
3207,0,95,33918
3209,0,95,33923
3211,0,95,33926
3213,0,95,33933
3216,0,95,33934
3218,0,95,33938
3220,0,95,33944
3222,0,95,33936
3224,0,95,33924
3227,0,95,33922
3229,0,95,33926
3231,0,95,33923
3233,0,95,33915
3236,0,95,33916
3238,0,95,33923
3240,0,95,33928
3242,0,95,33929
3244,0,95,33929
3247,0,95,33929
3249,0,95,33921
3251,0,96,33915
3253,0,96,33927
3256,0,96,33932
3258,0,96,33926
3260,0,96,33920
3262,0,96,33915
3264,0,96,33914
3267,0,96,33906
3269,0,96,33901
3271,0,96,33906
3273,0,96,33906
3276,0,96,33903
3278,0,96,33906
3280,0,96,33907
3282,0,96,33910
3284,0,96,33921
3287,0,96,33912
3289,0,96,33910
3291,0,96,33919
3293,0,96,33919
3296,0,96,33915
3298,0,96,33909
3300,0,96,33907
3302,0,96,33914
3304,0,96,33928
3307,0,96,33929
3309,0,96,33917
3311,0,96,33913
3313,0,96,33907
3316,0,96,33896
3318,0,96,33894
3320,0,96,33898
3322,0,97,33902
3324,0,97,33904
3327,0,97,33904
3329,0,97,33908
3331,0,97,33912
3333,0,97,33914
3336,0,97,33917
3338,0,97,33915
3340,0,97,33916
3342,0,97,33922
3344,0,97,33918
3347,0,97,33910
3349,0,97,33907
3351,0,97,33911
3353,0,97,33924
3356,0,97,33931
3358,0,97,33923
3360,0,97,33917
3362,0,97,33919
3364,0,97,33921
3367,0,97,33927
3369,0,97,33939
3371,0,97,33943
3373,0,97,33932
3376,0,97,33928
3378,0,97,33931
3380,0,97,33930
3382,0,97,33927
3384,0,97,33924
3387,0,97,33925
3389,0,97,33933
3391,0,97,33929
3393,0,97,33916
3396,0,97,33922
3398,0,97,33930
3400,0,97,33918
3402,0,98,33912
3404,0,98,33920
3407,0,98,33920
3409,0,98,33922
3411,0,98,33921
3413,0,98,33923
3416,0,98,33933
3418,0,98,33930
3420,0,98,33917
3422,0,98,33914
3424,0,98,33916
3427,0,98,33908
3429,0,98,33909
3431,0,98,33913
3433,0,98,33913
3436,0,98,33920
3438,0,98,33927
3440,0,98,33928
3442,0,98,33933
3444,0,98,33937
3447,0,98,33932
3449,0,98,33927
3451,0,98,33922
3453,0,98,33926
3456,0,98,33923
3458,0,98,33923
3460,0,98,33924
3462,0,98,33918
3464,0,98,33913
3467,0,98,33914
3469,0,98,33920
3471,0,98,33915
3473,0,98,33915
3476,0,98,33917
3478,0,98,33910
3480,0,98,33908
3482,0,98,33912
3484,0,99,33912
3487,0,98,33912
3489,0,99,33914
3491,0,99,33916
3493,0,99,33914
3496,0,99,33908
3498,0,99,33911
3500,0,99,33920
3502,0,99,33918
3504,0,99,33915
3507,0,99,33918
3509,0,99,33912
3511,0,99,33903
3513,0,99,33898
3516,0,99,33899
3518,0,99,33904
3520,0,99,33911
3522,0,99,33919
3524,0,99,33922
3527,0,99,33918
3529,0,99,33915
3531,0,99,33920
3533,0,99,33921
3536,0,99,33915
3538,0,99,33918
3540,0,99,33932
3542,0,99,33933
3544,0,99,33927
3547,0,99,33927
3549,0,99,33921
3551,0,99,33913
3553,0,99,33923
3556,0,99,33935
3558,0,99,33926
3560,0,99,33917
3562,0,99,33923
3564,0,99,33918
3567,0,99,33902
3569,0,99,33902
3571,0,99,33915
3573,0,99,33921
3576,0,99,33925
3578,0,99,33928
3580,0,99,33924
3582,0,99,33919
3584,0,99,33919
3587,0,99,33929
3589,0,99,33928
3591,0,99,33915
3593,0,99,33909
3596,0,99,33914
3598,0,100,33924
3600,0,100,33924
3602,0,100,33924
3604,0,100,33928
3607,0,100,33926
3609,0,100,33919
3611,0,100,33914
3613,0,100,33913
3616,0,100,33911
3618,0,100,33909
3620,0,100,33915
3622,0,100,33913
3624,0,100,33911
3627,0,100,33913
3629,0,100,33904
3631,0,100,33906
3633,0,100,33915
3636,0,100,33914
3638,0,100,33921
3640,0,100,33924
3642,0,100,33920
3645,0,100,33922
3647,0,100,33914
3649,0,100,33910
3651,0,100,33913
3653,0,100,33910
3656,0,100,33918
3658,0,100,33919
3660,0,100,33918
3662,0,100,33920
3665,0,100,33916
3667,0,100,33918
3669,0,100,33918
3671,0,100,33924
3673,0,100,33928
3676,0,100,33928
3678,0,100,33932
3680,0,100,33936
3682,0,101,33935
3685,0,101,33933
3687,0,101,33933
3689,0,101,33929
3691,0,101,33923
3693,0,101,33924
3696,0,101,33921
3698,0,101,33912
3700,0,101,33914
3702,0,101,33920
3704,0,101,33930
3707,0,101,33926
3709,0,101,33915
3711,0,101,33921
3713,0,101,33922
3716,0,101,33916
3718,0,101,33905
3720,0,101,33897
3722,0,101,33906
3725,0,101,33914
3727,0,101,33912
3729,0,101,33913
3731,0,101,33909
3733,0,101,33907
3736,0,101,33912
3738,0,101,33909
3740,0,101,33905
3742,0,101,33917
3745,0,101,33924
3747,0,101,33918
3749,0,101,33915
3751,0,101,33917
3753,0,101,33912
3756,0,101,33908
3758,0,101,33905
3760,0,101,33905
3762,0,101,33909
3765,0,101,33914
3767,0,101,33917
3769,0,101,33909
3771,0,101,33903
3773,0,101,33899
3776,0,101,33897
3778,0,101,33900
3780,0,101,33906
3782,0,101,33903
3785,0,101,33899
3787,0,101,33900
3789,0,101,33900
3791,0,101,33912
3793,0,101,33923
3796,0,101,33922
3798,0,101,33921
3800,0,101,33917
3802,0,101,33917
3805,0,101,33918
3807,0,101,33924
3809,0,101,33927
3811,0,102,33914
3813,0,102,33906
3816,0,102,33911
3818,0,102,33919
3820,0,102,33917
3822,0,102,33909
3825,0,102,33909
3827,0,102,33918
3829,0,102,33924
3831,0,102,33922
3833,0,102,33918
3836,0,102,33914
3838,0,102,33912
3840,0,102,33913
3842,0,102,33914
3845,0,102,33912
3847,0,102,33909
3849,0,102,33911
3851,0,102,33916
3853,0,102,33916
3856,0,102,33919
3858,0,102,33923
3860,0,102,33926
3862,0,102,33924
3865,0,102,33918
3867,0,102,33911
3869,0,102,33910
3871,0,102,33913
3873,0,102,33912
3876,0,102,33912
3878,0,102,33912
3880,0,102,33915
3882,0,102,33912
3885,0,102,33915
3887,0,102,33917
3889,0,102,33912
3891,0,102,33913
3893,0,102,33916
3896,0,102,33908
3898,0,102,33887
3900,0,102,33881
3902,0,102,33878
3905,0,102,33882
3907,0,102,33894
3909,0,102,33893
3911,0,102,33894
3913,0,102,33893
3916,0,102,33895
3918,0,102,33900
3920,0,102,33899
3922,0,102,33897
3925,0,102,33898
3927,0,102,33892
3929,0,102,33886
3931,0,102,33887
3933,0,102,33888
3936,0,102,33887
3938,0,102,33882
3940,0,102,33884
3942,0,102,33887
3945,0,102,33888
3947,0,102,33889
3949,0,102,33886
3951,0,102,33889
3953,0,102,33896
3956,0,102,33909
3958,0,102,33910
3960,0,102,33895
3962,0,102,33889
3965,0,102,33890
3967,0,102,33902
3969,0,102,33904
3971,0,102,33895
3973,0,102,33889
3976,0,102,33895
3978,0,102,33902
3980,0,102,33895
3982,0,102,33902
3985,0,102,33904
3987,0,103,33900
3989,0,103,33892
3991,0,102,33880
3993,0,103,33874
3996,0,102,33876
3998,0,103,33874
4000,0,103,33878
4002,0,103,33886
4005,0,103,33884
4007,0,103,33886
4009,0,103,33885
4011,0,103,33886
4013,0,103,33898
4016,0,103,33905
4018,0,103,33898
4020,0,103,33891
4022,0,103,33900
4025,0,103,33901
4027,0,103,33894
4029,0,103,33889
4031,0,103,33877
4033,0,103,33874
4036,0,103,33869
4038,0,103,33871
4040,0,103,33885
4042,0,103,33887
4045,0,103,33887
4047,0,103,33888
4049,0,103,33892
4051,0,103,33885
4053,0,103,33877
4056,0,103,33883
4058,0,103,33886
4060,0,103,33887
4062,0,103,33893
4065,0,103,33895
4067,0,103,33899
4069,0,103,33897
4071,0,103,33888
4073,0,103,33884
4076,0,103,33883
4078,0,103,33883
4080,0,103,33879
4082,0,103,33890
4085,0,103,33899
4087,0,103,33889
4089,0,103,33886
4091,0,103,33892
4093,0,103,33901
4096,0,103,33899
4098,0,103,33892
4100,0,103,33889
4102,0,103,33883
4105,0,103,33880
4107,0,103,33881
4109,0,103,33891
4111,0,103,33892
4113,0,103,33895
4116,0,103,33901
4118,0,103,33892
4120,0,103,33880
4122,0,103,33877
4125,0,103,33874
4127,0,103,33861
4129,0,103,33863
4131,0,103,33879
4133,0,103,33884
4136,0,103,33890
4138,0,103,33891
4140,0,103,33886
4142,0,103,33885
4145,0,103,33873
4147,0,103,33861
4149,0,103,33857
4151,0,103,33867
4153,0,103,33883
4156,0,103,33888
4158,0,103,33889
4160,0,103,33880
4162,0,103,33875
4165,0,103,33879
4167,0,103,33880
4169,0,103,33881
4171,0,103,33880
4173,0,103,33875
4176,0,103,33885
4178,0,103,33885
4180,0,103,33880
4182,0,103,33877
4185,0,103,33869
4187,0,103,33866
4189,0,103,33860
4191,0,103,33859
4193,0,103,33865
4196,0,103,33863
4198,0,103,33863
4200,0,103,33868
4202,0,103,33868
4205,0,103,33866
4207,0,103,33864
4209,0,103,33862
4211,0,103,33858
4213,0,103,33859
4216,0,103,33868
4218,0,103,33868
4220,0,103,33860
4222,0,103,33854
4225,0,103,33862
4227,0,103,33862
4229,0,103,33861
4231,0,103,33859
4233,0,103,33863
4236,0,103,33871
4238,0,103,33868
4240,0,103,33864
4242,0,103,33860
4245,0,103,33857
4247,0,103,33863
4249,0,103,33869
4251,0,103,33875
4253,0,103,33881
4256,0,103,33882
4258,0,103,33880
4260,0,103,33871
4262,0,104,33874
4265,0,104,33878
4267,0,104,33879
4269,0,104,33873
4271,0,104,33864
4273,0,104,33868
4276,0,104,33876
4278,0,104,33881
4280,0,104,33883
4282,0,104,33885
4285,0,104,33886
4287,0,104,33880
4289,0,104,33877
4291,0,104,33876
4293,0,104,33872
4296,0,104,33866
4298,0,104,33864
4300,0,104,33859
4302,0,104,33854
4305,0,104,33854
4307,0,104,33857
4309,0,104,33859
4311,0,104,33848
4313,0,104,33849
4316,0,104,33865
4318,0,104,33867
4320,0,104,33870
4322,0,104,33879
4325,0,104,33881
4327,0,104,33888
4329,0,104,33891
4331,0,104,33882
4333,0,104,33878
4336,0,104,33873
4338,0,104,33871
4340,0,104,33874
4342,0,104,33874
4345,0,104,33878
4347,0,104,33880
4349,0,104,33874
4351,0,104,33877
4353,0,104,33884
4356,0,104,33883
4358,0,104,33883
4360,0,104,33880
4362,0,104,33882
4365,0,104,33885
4367,0,104,33880
4369,0,104,33881
4371,0,104,33887
4373,0,104,33888
4376,0,104,33883
4378,0,104,33873
4380,0,104,33865
4382,0,104,33868
4385,0,104,33878
4387,0,104,33874
4389,0,104,33868
4391,0,104,33870
4393,0,104,33871
4396,0,104,33868
4398,0,104,33868
4400,0,104,33866
4402,0,104,33862
4405,0,104,33873
4407,0,104,33878
4409,0,104,33876
4411,0,104,33880
4414,0,104,33884
4416,0,104,33882
4418,0,104,33880
4420,0,104,33882
4422,0,104,33884
4425,0,104,33884
4427,0,104,33883
4429,0,104,33886
4431,0,104,33886
4434,0,104,33886
4436,0,104,33888
4438,0,104,33885
4440,0,104,33888
4442,0,104,33893
4445,0,104,33885
4447,0,104,33872
4449,0,104,33879
4451,0,104,33886
4454,0,104,33876
4456,0,104,33860
4458,0,104,33849
4460,0,104,33857
4462,0,104,33863
4465,0,104,33856
4467,0,104,33851
4469,0,104,33860
4471,0,104,33866
4474,0,104,33865
4476,0,104,33864
4478,0,104,33859
4480,0,104,33853
4482,0,104,33852
4485,0,104,33851
4487,0,104,33851
4489,0,104,33856
4491,0,104,33853
4494,0,104,33853
4496,0,104,33862
4498,0,104,33853
4500,0,104,33848
4502,0,104,33861
4505,0,104,33869
4507,0,104,33873
4509,0,104,33878
4511,0,104,33887
4514,0,104,33877
4516,0,104,33871
4518,0,104,33869
4520,0,104,33856
4522,0,104,33855
4525,0,104,33873
4527,0,104,33883
4529,0,104,33886
4531,0,104,33888
4534,0,104,33880
4536,0,104,33878
4538,0,104,33887
4540,0,104,33885
4542,0,104,33883
4545,0,104,33891
4547,0,104,33884
4549,0,104,33878
4551,0,104,33887
4554,0,104,33888
4556,0,104,33880
4558,0,104,33871
4560,0,104,33865
4562,0,104,33862
4565,0,104,33857
4567,0,104,33864
4569,0,104,33875
4571,0,104,33879
4574,0,104,33879
4576,0,104,33876
4578,0,104,33872
4580,0,104,33875
4582,0,104,33880
4585,0,104,33872
4587,0,104,33868
4589,0,104,33876
4591,0,104,33872
4594,0,104,33870
4596,0,104,33876
4598,0,104,33870
4600,0,104,33865
4602,0,104,33867
4605,0,104,33868
4607,0,104,33864
4609,0,104,33858
4611,0,104,33866
4614,0,104,33878
4616,0,104,33881
4618,0,104,33887
4620,0,104,33886
4622,0,104,33880
4625,0,104,33874
4627,0,104,33877
4629,0,104,33883
4631,0,104,33883
4634,0,104,33892
4636,0,104,33892
4638,0,104,33884
4640,0,104,33881
4642,0,104,33873
4645,0,104,33862
4647,0,104,33872
4649,0,104,33879
4651,0,104,33879
4654,0,104,33884
4656,0,104,33885
4658,0,104,33891
4660,0,104,33893
4662,0,104,33884
4665,0,104,33871
4667,0,104,33862
4669,0,104,33866
4671,0,104,33866
4674,0,104,33858
4676,0,104,33860
4678,0,104,33863
4680,0,104,33865
4682,0,104,33863
4685,0,104,33856
4687,0,104,33858
4689,0,104,33857
4691,0,104,33852
4694,0,104,33853
4696,0,105,33856
4698,0,105,33856
4700,0,105,33861
4702,0,104,33865
4705,0,104,33863
4707,0,105,33866
4709,0,104,33874
4711,0,105,33873
4714,0,105,33864
4716,0,105,33868
4718,0,104,33868
4720,0,104,33864
4722,0,104,33876
4725,0,104,33879
4727,0,104,33867
4729,0,104,33864
4731,0,105,33864
4734,0,105,33869
4736,0,105,33876
4738,0,105,33874
4740,0,105,33875
4742,0,105,33880
4745,0,105,33885
4747,0,105,33887
4749,0,105,33877
4751,0,105,33869
4754,0,105,33873
4756,0,105,33875
4758,0,105,33877
4760,0,105,33873
4762,0,105,33869
4765,0,105,33867
4767,0,105,33860
4769,0,105,33860
4771,0,105,33870
4774,0,105,33876
4776,0,105,33875
4778,0,105,33876
4780,0,105,33873
4782,0,105,33876
4785,0,105,33880
4787,0,105,33878
4789,0,105,33884
4791,0,105,33880
4794,0,105,33869
4796,0,105,33867
4798,0,105,33869
4800,0,105,33868
4802,0,105,33874
4805,0,105,33877
4807,0,105,33872
4809,0,105,33875
4811,0,105,33875
4814,0,105,33864
4816,0,105,33868
4818,0,105,33874
4820,0,105,33871
4822,0,105,33878
4825,0,105,33883
4827,0,105,33886
4829,0,105,33882
4831,0,105,33871
4834,0,105,33868
4836,0,105,33868
4838,0,105,33876
4840,0,105,33888
4842,0,105,33889
4845,0,105,33885
4847,0,105,33889
4849,0,105,33893
4851,0,105,33887
4854,0,105,33882
4856,0,105,33877
4858,0,105,33872
4860,0,105,33879
4862,0,105,33886
4865,0,105,33881
4867,0,105,33882
4869,0,105,33882
4871,0,105,33881
4874,0,105,33884
4876,0,105,33887
4878,0,105,33896
4880,0,105,33904
4882,0,105,33902
4885,0,105,33896
4887,0,105,33890
4889,0,105,33895
4891,0,105,33898
4894,0,105,33894
4896,0,105,33891
4898,0,105,33883
4900,0,105,33884
4902,0,105,33886
4905,0,105,33885
4907,0,105,33886
4909,0,105,33881
4911,0,105,33877
4914,0,105,33877
4916,0,105,33871
4918,0,105,33872
4920,0,105,33869
4922,0,105,33860
4925,0,105,33862
4927,0,105,33869
4929,0,105,33873
4931,0,105,33872
4934,0,105,33875
4936,0,105,33881
4938,0,105,33886
4940,0,105,33887
4942,0,105,33889
4945,0,105,33885
4947,0,105,33884
4949,0,105,33894
4951,0,105,33900
4954,0,105,33893
4956,0,105,33884
4958,0,105,33887
4960,0,105,33881
4962,0,105,33882
4965,0,105,33889
4967,0,105,33886
4969,0,105,33891
4971,0,105,33895
4974,0,105,33895
4976,0,105,33901
4978,0,105,33905
4980,0,105,33906
4982,0,105,33905
4985,0,105,33904
4987,0,105,33900
4989,0,105,33894
4991,0,105,33896
4994,0,105,33901
4996,0,105,33906
4998,0,105,33906
5000,0,105,33906
5002,0,105,33901
5005,0,105,33893
5007,0,105,33890
5009,0,105,33884
5011,0,105,33877
5014,0,105,33880
5016,0,105,33887
5018,0,105,33889
5020,0,105,33887
5022,0,105,33878
5025,0,105,33873
5027,0,105,33872
5029,0,105,33872
5031,0,105,33880
5034,0,105,33885
5036,0,105,33884
5038,0,105,33882
5040,0,105,33877
5042,0,105,33876
5045,0,105,33881
5047,0,105,33880
5049,0,105,33876
5051,0,105,33876
5054,0,105,33879
5056,0,105,33877
5058,0,105,33871
5060,0,105,33870
5062,0,105,33869
5065,0,105,33863
5067,0,105,33856
5069,0,105,33850
5071,0,105,33857
5074,0,105,33871
5076,0,105,33869
5078,0,105,33874
5080,0,105,33874
5082,0,105,33867
5085,0,105,33867
5087,0,105,33864
5089,0,105,33868
5091,0,105,33877
5094,0,105,33886
5096,0,105,33895
5098,0,105,33893
5100,0,105,33886
5102,0,105,33875
5105,0,105,33865
5107,0,105,33864
5109,0,105,33878
5111,0,105,33895
5114,0,105,33894
5116,0,105,33890
5118,0,105,33892
5120,0,105,33892
5122,0,105,33887
5125,0,105,33884
5127,0,105,33884
5129,0,105,33883
5131,0,105,33880
5134,0,105,33881
5136,0,105,33887
5138,0,105,33884
5140,0,105,33871
5142,0,105,33859
5145,0,105,33855
5147,0,105,33857
5149,0,105,33867
5151,0,105,33874
5154,0,105,33870
5156,0,105,33860
5158,0,105,33856
5160,0,105,33860
5162,0,105,33863
5165,0,105,33867
5167,0,105,33866
5169,0,105,33866
5171,0,105,33864
5174,0,105,33857
5176,0,105,33861
5178,0,105,33861
5180,0,105,33859
5183,0,105,33865
5185,0,105,33864
5187,0,105,33868
5189,0,105,33874
5191,0,105,33882
5194,0,105,33891
5196,0,105,33882
5198,0,105,33883
5200,0,105,33890
5203,0,105,33879
5205,0,105,33880
5207,0,105,33889
5209,0,105,33888
5211,0,105,33885
5214,0,105,33882
5216,0,105,33887
5218,0,105,33888
5220,0,105,33885
5223,0,105,33878
5225,0,105,33866
5227,0,105,33865
5229,0,105,33866
5231,0,105,33860
5234,0,105,33860
5236,0,105,33862
5238,0,105,33859
5240,0,105,33864
5243,0,105,33868
5245,0,105,33862
5247,0,105,33863
5249,0,105,33864
5251,0,105,33862
5254,0,105,33862
5256,0,105,33867
5258,0,105,33863
5260,0,105,33860
5263,0,105,33857
5265,0,105,33849
5267,0,105,33850
5269,0,105,33851
5271,0,105,33845
5274,0,105,33846
5276,0,105,33857
5278,0,105,33863
5280,0,105,33860
5283,0,105,33853
5285,0,105,33848
5287,0,105,33854
5289,0,105,33859
5291,0,105,33856
5294,0,105,33853
5296,0,105,33849
5298,0,105,33845
5300,0,105,33838
5303,0,105,33838
5305,0,105,33849
5307,0,105,33857
5309,0,105,33860
5311,0,105,33863
5314,0,105,33862
5316,0,105,33856
5318,0,105,33851
5320,0,105,33855
5323,0,105,33863
5325,0,105,33859
5327,0,105,33857
5329,0,105,33858
5331,0,105,33855
5334,0,105,33863
5336,0,105,33867
5338,0,105,33865
5340,0,105,33878
5343,0,105,33883
5345,0,105,33877
5347,0,105,33887
5349,0,105,33891
5351,0,105,33882
5354,0,105,33879
5356,0,105,33870
5358,0,105,33867
5360,0,105,33882
5363,0,105,33888
5365,0,105,33885
5367,0,105,33878
5369,0,105,33871
5371,0,105,33868
5374,0,105,33866
5376,0,105,33862
5378,0,105,33864
5380,0,105,33872
5383,0,105,33872
5385,0,105,33869
5387,0,105,33867
5389,0,105,33858
5391,0,105,33854
5394,0,105,33856
5396,0,105,33856
5398,0,105,33850
5400,0,105,33844
5403,0,105,33850
5405,0,105,33850
5407,0,105,33855
5409,0,105,33863
5411,0,105,33861
5414,0,105,33862
5416,0,105,33862
5418,0,105,33865
5420,0,105,33867
5423,0,105,33865
5425,0,105,33871
5427,0,105,33865
5429,0,105,33862
5431,0,105,33865
5434,0,105,33868
5436,0,105,33880
5438,0,105,33881
5440,0,105,33881
5443,0,105,33882
5445,0,105,33871
5447,0,105,33864
5449,0,105,33863
5451,0,105,33860
5454,0,105,33857
5456,0,105,33856
5458,0,105,33857
5460,0,105,33858
5463,0,105,33859
5465,0,105,33863
5467,0,105,33868
5469,0,105,33867
5471,0,105,33868
5474,0,105,33874
5476,0,105,33869
5478,0,106,33856
5480,0,106,33857
5483,0,106,33863
5485,0,106,33863
5487,0,106,33861
5489,0,106,33859
5491,0,106,33856
5494,0,106,33849
5496,0,106,33846
5498,0,106,33850
5500,0,106,33860
5503,0,106,33865
5505,0,106,33861
5507,0,105,33857
5509,0,106,33851
5511,0,105,33850
5514,0,106,33855
5516,0,106,33858
5518,0,106,33854
5520,0,106,33853
5523,0,106,33858
5525,0,106,33859
5527,0,106,33857
5529,0,106,33853
5531,0,106,33857
5534,0,106,33855
5536,0,106,33846
5538,0,106,33846
5540,0,106,33845
5543,0,106,33839
5545,0,106,33842
5547,0,106,33849
5549,0,106,33846
5551,0,106,33843
5554,0,106,33843
5556,0,106,33845
5558,0,106,33840
5560,0,106,33832
5563,0,106,33837
5565,0,106,33844
5567,0,106,33839
5569,0,105,33838
5571,0,105,33841
5574,0,105,33842
5576,0,105,33847
5578,0,105,33847
5580,0,105,33846
5583,0,105,33847
5585,0,105,33847
5587,0,105,33851
5589,0,105,33849
5591,0,105,33849
5594,0,105,33853
5596,0,105,33850
5598,0,105,33848
5600,0,105,33845
5603,0,105,33839
5605,0,105,33832
5607,0,105,33834
5609,0,105,33836
5611,0,105,33829
5614,0,105,33821
5616,0,105,33823
5618,0,105,33834
5620,0,105,33831
5623,0,105,33824
5625,0,105,33833
5627,0,105,33837
5629,0,105,33836
5631,0,105,33834
5634,0,105,33830
5636,0,105,33829
5638,0,105,33835
5640,0,105,33836
5643,0,105,33838
5645,0,106,33839
5647,0,106,33832
5649,0,106,33831
5651,0,105,33839
5654,0,105,33851
5656,0,105,33847
5658,0,105,33837
5660,0,105,33840
5663,0,105,33839
5665,0,105,33838
5667,0,105,33835
5669,0,105,33841
5671,0,105,33840
5674,0,105,33832
5676,0,105,33838
5678,0,106,33840
5680,0,106,33852
5683,0,106,33853
5685,0,106,33843
5687,0,106,33841
5689,0,106,33846
5691,0,106,33853
5694,0,106,33858
5696,0,105,33853
5698,0,105,33854
5700,0,105,33864
5703,0,105,33861
5705,0,106,33851
5707,0,106,33853
5709,0,106,33856
5711,0,106,33845
5714,0,106,33847
5716,0,106,33859
5718,0,106,33854
5720,0,105,33852
5723,0,105,33855
5725,0,105,33848
5727,0,105,33843
5729,0,105,33837
5731,0,105,33835
5734,0,105,33838
5736,0,105,33834
5738,0,105,33827
5740,0,105,33827
5743,0,105,33826
5745,0,105,33827
5747,0,105,33831
5749,0,106,33836
5751,0,106,33849
5754,0,106,33848
5756,0,106,33837
5758,0,105,33847
5760,0,106,33856
5763,0,105,33851
5765,0,105,33851
5767,0,105,33858
5769,0,105,33863
5771,0,105,33864
5774,0,105,33859
5776,0,105,33862
5778,0,106,33871
5780,0,106,33871
5783,0,106,33865
5785,0,105,33856
5787,0,106,33851
5789,0,105,33850
5791,0,106,33852
5794,0,106,33857
5796,0,106,33853
5798,0,106,33852
5800,0,106,33862
5803,0,106,33860
5805,0,106,33856
5807,0,106,33851
5809,0,106,33854
5811,0,106,33866
5814,0,106,33870
5816,0,106,33862
5818,0,106,33854
5820,0,106,33856
5823,0,106,33855
5825,0,106,33856
5827,0,106,33858
5829,0,106,33861
5831,0,106,33869
5834,0,106,33878
5836,0,106,33878
5838,0,106,33876
5840,0,106,33867
5843,0,106,33859
5845,0,106,33863
5847,0,106,33858
5849,0,106,33847
5851,0,106,33847
5854,0,106,33849
5856,0,106,33854
5858,0,106,33852
5860,0,106,33856
5863,0,106,33867
5865,0,106,33860
5867,0,106,33852
5869,0,106,33852
5871,0,106,33861
5874,0,106,33868
5876,0,106,33865
5878,0,106,33863
5880,0,106,33864
5883,0,106,33863
5885,0,106,33866
5887,0,106,33869
5889,0,106,33870
5891,0,106,33871
5894,0,106,33864
5896,0,106,33853
5898,0,106,33853
5900,0,106,33857
5903,0,106,33852
5905,0,106,33854
5907,0,106,33856
5909,0,106,33856
5911,0,106,33857
5914,0,106,33858
5916,0,106,33854
5918,0,106,33850
5920,0,106,33853
5923,0,106,33851
5925,0,106,33853
5927,0,106,33853
5929,0,106,33852
5931,0,106,33855
5934,0,106,33856
5936,0,106,33851
5938,0,106,33850
5940,0,106,33855
5943,0,106,33851
5945,0,106,33851
5947,0,106,33856
5949,0,106,33861
5952,0,106,33873
5954,0,106,33879
5956,0,106,33874
5958,0,106,33871
5960,0,106,33867
5963,0,106,33862
5965,0,106,33868
5967,0,106,33871
5969,0,106,33867
5972,0,106,33868
5974,0,106,33863
5976,0,106,33854
5978,0,106,33846
5980,0,106,33852
5983,0,106,33860
5985,0,106,33858
5987,0,106,33859
5989,0,106,33865
5992,0,106,33868
5994,0,106,33860
5996,0,106,33856
5998,0,106,33850
6000,0,106,33851
6003,0,106,33855
6005,0,106,33852
6007,0,106,33857
6009,0,106,33861
6012,0,106,33855
6014,0,106,33852
6016,0,106,33855
6018,0,106,33855
6020,0,106,33856
6023,0,106,33847
6025,0,106,33844
6027,0,106,33854
6029,0,106,33855
6032,0,106,33847
6034,0,106,33850
6036,0,106,33855
6038,0,106,33857
6040,0,106,33858
6043,0,106,33857
6045,0,106,33860
6047,0,106,33859
6049,0,106,33861
6052,0,106,33869
6054,0,106,33875
6056,0,106,33875
6058,0,106,33875
6060,0,106,33878
6063,0,106,33877
6065,0,106,33879
6067,0,106,33879
6069,0,106,33871
6072,0,106,33874
6074,0,106,33878
6076,0,106,33873
6078,0,106,33863
6080,0,106,33862
6083,0,106,33869
6085,0,106,33863
6087,0,106,33858
6089,0,106,33862
6092,0,106,33874
6094,0,106,33869
6096,0,106,33860
6098,0,106,33858
6100,0,106,33856
6103,0,106,33870
6105,0,106,33878
6107,0,106,33872
6109,0,106,33864
6112,0,106,33854
6114,0,106,33853
6116,0,106,33858
6118,0,106,33853
6120,0,106,33845
6123,0,106,33848
6125,0,106,33850
6127,0,106,33859
6129,0,106,33864
6132,0,106,33864
6134,0,106,33868
6136,0,106,33872
6138,0,106,33876
6140,0,106,33874
6143,0,106,33881
6145,0,106,33888
6147,0,106,33884
6149,0,106,33878
6152,0,106,33880
6154,0,106,33884
6156,0,106,33878
6158,0,106,33870
6160,0,106,33871
6163,0,106,33877
6165,0,106,33876
6167,0,106,33875
6169,0,106,33882
6172,0,106,33888
6174,0,106,33890
6176,0,106,33887
6178,0,106,33882
6180,0,106,33882
6183,0,106,33883
6185,0,106,33876
6187,0,106,33880
6189,0,106,33883
6192,0,106,33879
6194,0,106,33877
6196,0,106,33874
6198,0,106,33880
6200,0,106,33883
6203,0,106,33879
6205,0,106,33878
6207,0,106,33883
6209,0,106,33877
6212,0,106,33869
6214,0,106,33867
6216,0,106,33869
6218,0,106,33871
6220,0,106,33865
6223,0,106,33866
6225,0,106,33865
6227,0,106,33866
6229,0,106,33872
6232,0,106,33863
6234,0,106,33851
6236,0,106,33846
6238,0,106,33854
6240,0,106,33865
6243,0,106,33865
6245,0,106,33880
6247,0,106,33891
6249,0,106,33885
6252,0,106,33885
6254,0,106,33881
6256,0,106,33876
6258,0,106,33881
6260,0,106,33882
6263,0,106,33869
6265,0,106,33869
6267,0,106,33877
6269,0,106,33871
6272,0,106,33873
6274,0,106,33873
6276,0,106,33874
6278,0,106,33875
6280,0,106,33864
6283,0,106,33866
6285,0,106,33869
6287,0,106,33863
6289,0,106,33862
6292,0,106,33859
6294,0,106,33855
6296,0,106,33860
6298,0,106,33869
6300,0,106,33867
6303,0,106,33865
6305,0,106,33867
6307,0,106,33869
6309,0,106,33868
6312,0,106,33863
6314,0,106,33862
6316,0,106,33862
6318,0,106,33863
6320,0,106,33860
6323,0,106,33854
6325,0,106,33853
6327,0,106,33857
6329,0,106,33860
6332,0,106,33869
6334,0,106,33868
6336,0,106,33859
6338,0,106,33860
6340,0,106,33853
6343,0,106,33851
6345,0,106,33859
6347,0,106,33865
6349,0,106,33871
6352,0,106,33868
6354,0,106,33859
6356,0,106,33861
6358,0,106,33863
6360,0,106,33869
6363,0,106,33876
6365,0,106,33874
6367,0,106,33876
6369,0,106,33880
6372,0,106,33877
6374,0,106,33874
6376,0,106,33869
6378,0,106,33875
6380,0,106,33876
6383,0,106,33869
6385,0,106,33871
6387,0,106,33882
6389,0,106,33884
6392,0,106,33867
6394,0,106,33857
6396,0,106,33859
6398,0,106,33861
6400,0,106,33858
6403,0,106,33857
6405,0,106,33864
6407,0,106,33869
6409,0,106,33874
6412,0,106,33876
6414,0,106,33875
6416,0,106,33868
6418,0,106,33863
6420,0,106,33863
6423,0,106,33864
6425,0,106,33867
6427,0,106,33867
6429,0,106,33872
6432,0,106,33874
6434,0,106,33865
6436,0,106,33863
6438,0,106,33861
6440,0,106,33862
6443,0,106,33863
6445,0,106,33863
6447,0,106,33862
6449,0,106,33865
6452,0,106,33867
6454,0,106,33869
6456,0,106,33866
6458,0,106,33861
6460,0,106,33865
6463,0,106,33863
6465,0,106,33865
6467,0,106,33863
6469,0,106,33858
6472,0,106,33866
6474,0,106,33862
6476,0,106,33853
6478,0,106,33859
6480,0,106,33864
6483,0,106,33860
6485,0,106,33861
6487,0,106,33863
6489,0,106,33862
6492,0,106,33863
6494,0,106,33869
6496,0,106,33869
6498,0,106,33859
6500,0,106,33857
6503,0,106,33863
6505,0,106,33867
6507,0,106,33866
6509,0,106,33864
6512,0,106,33868
6514,0,106,33872
6516,0,106,33860
6518,0,106,33855
6520,0,106,33862
6523,0,106,33870
6525,0,106,33878
6527,0,106,33885
6529,0,106,33881
6532,0,106,33868
6534,0,106,33862
6536,0,106,33866
6538,0,106,33873
6540,0,106,33868
6543,0,106,33875
6545,0,106,33879
6547,0,106,33870
6549,0,106,33866
6552,0,106,33870
6554,0,106,33870
6556,0,106,33859
6558,0,106,33861
6560,0,106,33862
6563,0,106,33863
6565,0,106,33861
6567,0,106,33852
6569,0,106,33856
6572,0,106,33863
6574,0,106,33869
6576,0,106,33868
6578,0,106,33863
6580,0,106,33862
6583,0,106,33866
6585,0,106,33864
6587,0,106,33859
6589,0,106,33859
6592,0,106,33857
6594,0,106,33852
6596,0,106,33850
6598,0,106,33856
6600,0,106,33858
6603,0,106,33856
6605,0,106,33861
6607,0,106,33865
6609,0,106,33863
6612,0,106,33858
6614,0,106,33861
6616,0,106,33867
6618,0,106,33871
6620,0,106,33869
6623,0,106,33863
6625,0,106,33860
6627,0,106,33867
6629,0,106,33875
6632,0,106,33873
6634,0,106,33877
6636,0,106,33877
6638,0,106,33876
6640,0,106,33884
6643,0,106,33885
6645,0,106,33877
6647,0,106,33868
6649,0,106,33865
6652,0,106,33866
6654,0,106,33867
6656,0,106,33867
6658,0,106,33861
6660,0,106,33856
6663,0,106,33852
6665,0,106,33857
6667,0,106,33857
6669,0,106,33847
6672,0,106,33841
6674,0,106,33839
6676,0,106,33837
6678,0,106,33847
6680,0,106,33855
6683,0,106,33853
6685,0,106,33860
6687,0,106,33865
6689,0,106,33872
6692,0,106,33871
6694,0,106,33862
6696,0,106,33856
6698,0,106,33859
6700,0,106,33860
6703,0,106,33859
6705,0,106,33860
6707,0,106,33862
6709,0,106,33868
6712,0,106,33871
6714,0,106,33867
6716,0,106,33860
6718,0,106,33863
6721,0,106,33870
6723,0,106,33868
6725,0,107,33870
6727,0,107,33876
6729,0,107,33878
6732,0,107,33874
6734,0,107,33865
6736,0,107,33866
6738,0,107,33868
6741,0,106,33868
6743,0,106,33870
6745,0,106,33865
6747,0,106,33858
6749,0,106,33864
6752,0,106,33867
6754,0,106,33859
6756,0,106,33859
6758,0,106,33861
6761,0,106,33862
6763,0,106,33863
6765,0,106,33864
6767,0,106,33853
6769,0,106,33848
6772,0,106,33855
6774,0,106,33857
6776,0,106,33853
6778,0,106,33850
6781,0,106,33858
6783,0,106,33863
6785,0,106,33866
6787,0,106,33865
6789,0,106,33860
6792,0,106,33863
6794,0,106,33866
6796,0,106,33860
6798,0,106,33859
6801,0,106,33863
6803,0,106,33865
6805,0,106,33862
6807,0,106,33864
6809,0,106,33858
6812,0,106,33850
6814,0,106,33855
6816,0,106,33853
6818,0,106,33841
6821,0,106,33841
6823,0,106,33847
6825,0,106,33854
6827,0,106,33861
6829,0,106,33861
6832,0,106,33848
6834,0,106,33838
6836,0,106,33841
6838,0,106,33840
6841,0,106,33834
6843,0,106,33839
6845,0,106,33850
6847,0,106,33855
6849,0,106,33862
6852,0,106,33868
6854,0,106,33864
6856,0,106,33858
6858,0,106,33865
6861,0,106,33866
6863,0,106,33863
6865,0,106,33867
6867,0,106,33857
6869,0,106,33846
6872,0,106,33851
6874,0,106,33859
6876,0,106,33865
6878,0,106,33864
6881,0,106,33868
6883,0,106,33868
6885,0,106,33866
6887,0,106,33864
6889,0,106,33859
6892,0,106,33859
6894,0,106,33863
6896,0,106,33863
6898,0,107,33862
6901,0,106,33859
6903,0,106,33859
6905,0,107,33864
6907,0,107,33863
6909,0,107,33855
6912,0,107,33848
6914,0,107,33853
6916,0,107,33855
6918,0,107,33858
6921,0,107,33856
6923,0,107,33855
6925,0,107,33860
6927,0,107,33857
6929,0,107,33854
6932,0,107,33855
6934,0,107,33856
6936,0,107,33851
6938,0,107,33851
6941,0,107,33852
6943,0,107,33853
6945,0,107,33850
6947,0,106,33853
6949,0,107,33863
6952,0,106,33871
6954,0,107,33874
6956,0,107,33872
6958,0,107,33874
6961,0,107,33874
6963,0,107,33876
6965,0,107,33873
6967,0,107,33869
6969,0,107,33879
6972,0,107,33877
6974,0,107,33868
6976,0,107,33867
6978,0,106,33874
6981,0,106,33871
6983,0,106,33867
6985,0,106,33868
6987,0,106,33866
6989,0,106,33861
6992,0,106,33863
6994,0,106,33869
6996,0,107,33865
6998,0,106,33861
7001,0,106,33866
7003,0,107,33864
7005,0,107,33858
7007,0,107,33864
7009,0,107,33860
7012,0,107,33860
7014,0,107,33864
7016,0,107,33861
7018,0,107,33867
7021,0,107,33874
7023,0,107,33873
7025,0,107,33866
7027,0,107,33867
7029,0,107,33875
7032,0,107,33870
7034,0,107,33863
7036,0,107,33864
7038,0,107,33867
7041,0,107,33869
7043,0,107,33876
7045,0,107,33878
7047,0,107,33877
7049,0,107,33887
7052,0,107,33877
7054,0,107,33868
7056,0,107,33871
7058,0,107,33869
7061,0,107,33871
7063,0,107,33875
7065,0,107,33879
7067,0,107,33880
7069,0,107,33878
7072,0,107,33881
7074,0,107,33883
7076,0,107,33880
7078,0,107,33879
7081,0,107,33879
7083,0,107,33874
7085,0,107,33870
7087,0,107,33865
7089,0,107,33855
7092,0,107,33858
7094,0,107,33866
7096,0,107,33868
7098,0,107,33868
7101,0,107,33863
7103,0,107,33844
7105,0,107,33833
7107,0,107,33835
7109,0,107,33839
7112,0,107,33842
7114,0,107,33851
7116,0,107,33852
7118,0,107,33843
7121,0,107,33843
7123,0,107,33846
7125,0,107,33852
